Close,High,Low,Open,Volume
BNB-USD,BNB-USD,BNB-USD,BNB-USD,BNB-USD
51.607696533203125,52.1386833190918,43.524192810058594,44.30907440185547,1256933735
51.05640411376953,52.911865234375,49.3870735168457,51.551883697509766,1006694242
52.242637634277344,52.677433013916016,49.95558547973633,51.05010223388672,714000888
55.92512512207031,57.0709114074707,51.60264205932617,52.242210388183594,940905214
67.84556579589844,68.46395874023438,56.01080322265625,56.01080322265625,1431595319
72.73359680175781,75.4018783569336,62.208126068115234,67.8546371459961,2114553792
68.59052276611328,74.612548828125,64.49789428710938,72.86821746826172,1493688265
79.83154296875,79.83154296875,67.85923767089844,68.52555847167969,2133574291
107.89927673339844,115.13184356689453,78.44632720947266,79.80702209472656,4425849540
129.73715209960938,148.07476806640625,107.70855712890625,107.70855712890625,7000323240
124.43425750732422,131.5356903076172,119.09626007080078,129.30523681640625,2809765027
136.94839477539062,140.2431640625,121.72706604003906,124.15943145751953,2981627650
133.4526824951172,138.4705352783203,125.72859954833984,136.92799377441406,2116751635
136.426513671875,138.7567596435547,128.73171997070312,133.47377014160156,2312597445
129.56788635253906,139.21975708007812,119.7349853515625,136.2767791748047,2414986848
130.05665588378906,133.28060913085938,126.79663848876953,129.7397918701172,1925775294
164.67010498046875,175.11614990234375,127.09211730957031,130.08013916015625,5236224271
195.93263244628906,199.45562744140625,163.27488708496094,165.01882934570312,6110987389
332.61602783203125,342.8796081542969,195.3857421875,195.98785400390625,17982945189
255.9537353515625,334.4550476074219,227.91375732421875,332.91845703125,9680520706
293.923583984375,307.5881042480469,250.5408172607422,254.53927612304688,8505963719
267.5097961425781,295.47857666015625,223.0193634033203,294.61236572265625,7885768925
230.99424743652344,268.5368347167969,190.41246032714844,267.3644104003906,8280752930
254.359130859375,280.08819580078125,214.52471923828125,231.12159729003906,7154121651
233.88595581054688,264.70513916015625,233.88595581054688,254.4676055908203,4059853073
221.68043518066406,238.7550048828125,210.31076049804688,235.27029418945312,4167145958
225.2494354248047,237.17942810058594,220.09939575195312,221.9809112548828,2755271254
209.57440185546875,228.1730499267578,195.85267639160156,225.44593811035156,3129699003
254.6299285888672,259.4910583496094,209.95130920410156,209.95130920410156,5008256561
239.5225372314453,264.1693115234375,228.6416473388672,254.95335388183594,5882262804
241.09136962890625,254.25363159179688,236.90875244140625,239.68898010253906,5827707431
229.945068359375,249.46560668945312,226.08494567871094,241.0454864501953,5580339595
226.37255859375,230.36663818359375,216.27261352539062,229.83529663085938,4969642573
226.66685485839844,232.09889221191406,220.0750732421875,226.19776916503906,4489684331
240.17921447753906,243.34312438964844,225.54637145996094,226.67274475097656,5081569247
240.31866455078125,242.68826293945312,229.4411163330078,240.17958068847656,5016770824
293.4632263183594,296.65863037109375,236.0502471923828,240.39547729492188,8676266998
279.3580322265625,295.07061767578125,268.5784912109375,293.42388916015625,4544623650
289.7908020019531,313.1101379394531,273.3779296875,278.50909423828125,4676132222
263.6858215332031,290.0347595214844,253.9466552734375,289.9991149902344,3960814749
276.1047058105469,283.01361083984375,256.18896484375,263.5920104980469,2903774859
264.6367492675781,276.3712463378906,264.6367492675781,276.18572998046875,2044273970
254.66082763671875,267.2337341308594,250.61297607421875,264.0635070800781,2488528410
258.1006774902344,258.8761291503906,242.18153381347656,254.450439453125,2425543830
269.8548583984375,270.962890625,249.92892456054688,258.3858642578125,2271426252
261.7048034667969,277.7722473144531,258.7264099121094,269.6378479003906,2445995134
264.05743408203125,269.2347106933594,256.2732849121094,261.63043212890625,1873443830
264.7416687011719,274.8731689453125,262.9725036621094,264.0921936035156,2004752539
264.88616943359375,268.878173828125,257.5182800292969,264.9569396972656,1718563711
255.9001922607422,276.96868896484375,255.2108612060547,265.0702819824219,2323911466
255.68966674804688,263.1492919921875,253.0116424560547,255.94509887695312,2010488139
249.85137939453125,268.620849609375,243.22813415527344,255.89430236816406,2385752951
234.88543701171875,250.1392364501953,227.2940673828125,249.46591186523438,2314734091
255.1045684814453,255.1045684814453,234.7909393310547,234.7909393310547,2099285452
269.1023254394531,275.5933837890625,250.4947967529297,255.11648559570312,2457659540
269.1912841796875,280.9924011230469,262.2886657714844,269.31072998046875,2527142069
275.2146301269531,277.47900390625,265.3678283691406,268.9693908691406,2067448661
311.4264831542969,311.4264831542969,271.57855224609375,275.2386474609375,4039620710
302.0634460449219,316.4865417480469,289.00927734375,311.5514221191406,3545493416
335.212890625,339.2091064453125,301.5886535644531,302.2454833984375,3718677616
339.0077209472656,356.78350830078125,329.7513732910156,335.0859680175781,3950524039
323.1335144042969,349.6299133300781,319.19378662109375,338.9091796875,2953164849
351.6243896484375,353.4342041015625,319.8490295410156,323.3548583984375,3200674446
367.7724914550781,381.029296875,339.4616394042969,351.2410583496094,4073047973
403.59075927734375,412.2567443847656,364.1296691894531,368.0990295410156,5277448222
374.6588134765625,414.357666015625,358.7438049316406,403.69927978515625,5976362849
418.03839111328125,422.4665832519531,372.5151672363281,376.2690124511719,4550316562
453.178466796875,453.69781494140625,405.443603515625,418.0547180175781,4701175013
472.5603332519531,487.27520751953125,451.35516357421875,454.3431701660156,6160670397
525.3855590820312,529.64501953125,459.5904235839844,471.64642333984375,5697422904
598.72265625,637.4423217773438,516.2792358398438,526.7017822265625,14436315725
549.5865478515625,602.2964477539062,532.9558715820312,596.9885864257812,9433830832
549.5918579101562,590.4174194335938,526.5343017578125,550.4014892578125,7452346448
542.632080078125,556.8338012695312,536.0784301757812,550.413330078125,4608061831
510.2201843261719,548.885009765625,493.0094909667969,542.5736694335938,6886285728
520.416748046875,548.6023559570312,509.0485534667969,509.581298828125,5195399091
481.03424072265625,526.0587768554688,429.0528869628906,520.5902709960938,6711806048
505.0929260253906,539.7112426757812,469.15216064453125,481.3966979980469,7141301320
587.0291137695312,588.0648193359375,475.59039306640625,503.795166015625,9330924061
546.0235595703125,612.6870727539062,537.349365234375,586.9011840820312,8456300946
506.01300048828125,582.0377197265625,481.2602233886719,544.0054931640625,8342960849
526.5652465820312,530.074951171875,452.4355163574219,505.85888671875,8893557870
496.4150695800781,527.44091796875,483.9591369628906,526.7583618164062,4070234640
505.0770568847656,517.0830078125,478.8894348144531,496.2568359375,3419309603
534.5776977539062,549.9667358398438,502.31146240234375,504.7487487792969,4072866875
568.4705200195312,578.6234741210938,525.7677612304688,535.428466796875,4050720272
562.632568359375,578.8881225585938,539.072509765625,568.7456665039062,3648784689
599.70654296875,614.8241577148438,554.28466796875,562.8735961914062,6585918998
624.08056640625,627.7774658203125,586.205810546875,599.9884643554688,5741358048
619.3472290039062,641.86083984375,611.302001953125,622.4692993164062,4065705136
622.1010131835938,628.6209716796875,595.8587646484375,619.9721069335938,3765184551
675.68408203125,679.8150024414062,621.9027099609375,621.9027099609375,5274868721
611.2003173828125,676.9168701171875,606.2677001953125,676.31591796875,5728175230
651.6627197265625,656.2369995117188,605.1661987304688,609.3310546875,4248449283
633.2803955078125,653.412841796875,621.0661010742188,651.0494995117188,3975000211
624.5632934570312,644.12451171875,612.1624755859375,634.0068969726562,3658116306
646.100830078125,657.5446166992188,618.8406982421875,624.3944091796875,3910931715
662.2285766601562,678.2283935546875,631.4652709960938,646.3121337890625,4321052943
631.3519897460938,690.9319458007812,596.1658935546875,661.4500122070312,5157435389
672.3339233398438,672.4594116210938,623.2498168945312,631.2406005859375,4865455319
588.1851806640625,684.1376953125,588.1851806640625,671.7788696289062,4311561442
571.4345092773438,632.970703125,530.2382202148438,592.95458984375,7417114170
603.1282958984375,614.4854125976562,567.0347290039062,570.9605102539062,3735474448
563.0416870117188,610.51416015625,561.1683959960938,602.5543823242188,3480395174
562.829833984375,606.00341796875,535.057373046875,562.64892578125,4047395255
511.9643859863281,564.445556640625,485.9970703125,564.445556640625,5123430659
508.0223083496094,534.1778564453125,496.9785461425781,511.3919982910156,3548216902
339.0254821777344,515.716552734375,283.4537048339844,508.86273193359375,8779943654
393.6127624511719,424.29425048828125,286.0894470214844,335.5567321777344,7093839295
326.29632568359375,415.70672607421875,275.3926696777344,391.54156494140625,6291181865
299.50408935546875,335.7347412109375,285.3534240722656,326.79779052734375,3871242832
262.9456787109375,313.525146484375,213.51646423339844,300.0354309082031,5336233746
345.30963134765625,350.2731018066406,258.6227111816406,261.1195373535156,6066277282
344.1139831542969,374.5971984863281,307.7294616699219,345.4898376464844,5656677341
379.85430908203125,387.76519775390625,337.0569763183594,343.531982421875,4502557689
367.6557922363281,387.4900817871094,340.8908386230469,379.6934814453125,3965850350
329.8799133300781,373.313232421875,313.7230224609375,369.835693359375,4482824807
305.0521545410156,346.9239501953125,296.57073974609375,328.9868469238281,3070017878
325.7840270996094,337.74237060546875,292.85235595703125,305.0425720214844,3246314973
354.329345703125,355.9771423339844,307.94403076171875,325.8081359863281,3865691845
362.7946472167969,364.32012939453125,340.4742431640625,353.78253173828125,3425775257
401.2623291015625,418.6651306152344,350.956787109375,362.3608703613281,4486850584
427.80792236328125,432.30810546875,392.0331726074219,401.7608337402344,4370188399
391.39532470703125,428.4431457519531,366.27484130859375,428.1873779296875,4951450795
390.4318542480469,425.9027404785156,375.0675048828125,390.95880126953125,3956143113
393.8202209472656,400.0411682128906,382.344970703125,390.2367248535156,2101917655
357.3102111816406,407.37567138671875,355.9754638671875,393.6546630859375,2927240962
354.0013732910156,365.9231872558594,320.2380065917969,358.1654357910156,4491122307
375.73468017578125,378.7413635253906,334.4190979003906,352.76593017578125,3543408536
352.1831970214844,376.9501953125,345.5176696777344,375.66900634765625,2505012942
345.9336853027344,365.3039855957031,341.47735595703125,352.0848388671875,2269923678
343.74102783203125,348.8785705566406,325.8177185058594,345.9017028808594,2146761411
366.6489562988281,369.05804443359375,331.1119384765625,344.0428466796875,2171880359
368.7927551269531,377.0186462402344,355.3109436035156,365.75469970703125,2271215183
373.566162109375,379.65985107421875,363.93499755859375,372.7368469238281,2246535807
347.033447265625,366.8166198730469,343.6485595703125,366.8166198730469,1626149384
352.738525390625,362.2593994140625,346.03753662109375,347.2123718261719,1379161855
336.8096923828125,357.07427978515625,328.0473327636719,353.01336669921875,1613940591
335.71282958984375,345.4595947265625,332.09649658203125,337.5522766113281,1140833816
340.06719970703125,340.7895202636719,310.77587890625,334.65093994140625,1756674565
270.98443603515625,341.7993469238281,269.4336853027344,339.3266296386719,2911962314
261.8180847167969,291.0225830078125,226.29783630371094,270.79339599609375,4089344405
294.49029541015625,309.1264343261719,252.20314025878906,262.0581970214844,3170293549
308.39703369140625,316.1907653808594,281.9847106933594,296.2639465332031,2323626593
281.62091064453125,313.9770812988281,275.83819580078125,308.58203125,2317971593
279.43804931640625,289.9497985839844,264.60101318359375,281.1339416503906,1921847994
290.5670166015625,291.14892578125,270.2899169921875,279.86529541015625,1521388056
289.53411865234375,298.7206115722656,283.95184326171875,290.8186950683594,1722578691
300.2115478515625,315.4393310546875,289.2211608886719,289.91912841796875,1946428384
303.2958679199219,304.8013610839844,281.77801513671875,300.95880126953125,1903538448
288.2184143066406,303.5273742675781,281.5791320800781,303.5273742675781,1357794786
287.423095703125,290.6216735839844,277.3503112792969,287.75445556640625,1133632645
298.23712158203125,302.6058654785156,283.43402099609375,287.2156066894531,1113777297
307.7320861816406,314.7130126953125,292.7873840332031,298.1135559082031,1387395766
302.37799072265625,307.6848449707031,293.5234680175781,307.6848449707031,1504869977
320.934814453125,321.5209655761719,302.1955871582031,302.1955871582031,2203265498
327.5224609375,339.16766357421875,318.52996826171875,320.1917724609375,2067233169
310.4271240234375,327.9578552246094,305.075439453125,327.9578552246094,1883785090
316.4845275878906,319.44390869140625,301.8282165527344,310.0102844238281,1358583891
316.14013671875,320.93927001953125,310.88690185546875,316.9963073730469,1179686219
322.0316467285156,326.7518005371094,312.6390075683594,316.0563659667969,1189805384
316.32818603515625,334.2820739746094,309.1420593261719,322.034912109375,1614469810
308.8111572265625,318.2951354980469,305.4894104003906,316.2688903808594,1231759805
309.4063720703125,313.2157897949219,290.6623840332031,308.9526062011719,1646743038
315.2440185546875,323.8858947753906,301.65667724609375,309.5006408691406,2242114046
302.985595703125,322.9977722167969,301.9324951171875,315.69110107421875,1688212208
300.4979248046875,306.5308532714844,295.3874816894531,302.9348449707031,1298507379
302.4804992675781,309.1142578125,299.9722595214844,300.5959777832031,1254819647
280.01861572265625,303.8291931152344,279.7085266113281,302.2682189941406,1514754521
264.7823791503906,283.2061462402344,255.8507537841797,280.5649719238281,1819454491
292.5313720703125,298.791748046875,261.22637939453125,264.4947509765625,1957623339
293.6411437988281,298.4039001464844,287.7333679199219,293.1426696777344,1495118544
299.2829895019531,300.9937744140625,281.69610595703125,293.601318359375,1849700307
302.0718688964844,307.84051513671875,296.11151123046875,299.0478515625,1644709273
302.4361572265625,304.0578918457031,292.890625,301.84661865234375,1351522797
304.4782409667969,327.6352844238281,301.097412109375,302.7328796386719,2572081528
313.60260009765625,318.371826171875,298.4818115234375,304.124267578125,1870220991
313.42864990234375,318.4422912597656,308.22344970703125,314.05511474609375,1626648048
316.74945068359375,319.7590026855469,309.14453125,313.6192321777344,1384576144
322.90936279296875,325.2501220703125,307.009765625,317.0640869140625,1588918308
333.5495910644531,338.025146484375,317.6859130859375,322.53887939453125,1717984015
333.4840087890625,347.4176025390625,329.34173583984375,332.2926940917969,1788390755
331.1031188964844,338.0423278808594,326.415283203125,332.9232177734375,1348495243
322.74774169921875,334.6349792480469,318.0628356933594,330.8720397949219,1365471563
334.9187927246094,336.96746826171875,320.041259765625,323.5060729980469,1279262186
337.8738708496094,340.0484313964844,323.8970947265625,334.9127197265625,1551187442
342.1369934082031,347.04296875,331.65966796875,337.9479675292969,1623970506
355.7413635253906,359.7502136230469,340.5938415527344,342.3764343261719,1903003766
342.06475830078125,359.7386169433594,337.2527160644531,356.26654052734375,1547133821
354.9668273925781,357.3993225097656,333.67144775390625,341.9162902832031,1648422571
371.9543762207031,375.7229309082031,349.3133239746094,354.4496154785156,2150475826
391.7570495605469,408.5890197753906,371.2162170410156,372.0937194824219,2542670896
385.8189697265625,406.091552734375,372.22021484375,391.4052734375,2217067872
410.94488525390625,411.1705322265625,383.2167663574219,386.0440673828125,1724229835
409.03448486328125,418.9212646484375,400.7520446777344,410.7835388183594,2023364348
414.59503173828125,414.9309997558594,396.8652038574219,408.9822082519531,1826134192
417.4708557128906,436.618408203125,411.1232604980469,414.357666015625,2620571467
401.9089050292969,435.72320556640625,399.74591064453125,416.0691223144531,2572609791
398.25146484375,412.3062438964844,387.8158874511719,401.8820495605469,2288117050
430.9888610839844,431.2602233886719,391.49505615234375,396.494384765625,2549215331
454.9363098144531,457.6037292480469,422.0801696777344,430.97503662109375,2451578694
448.9202575683594,460.2557067871094,444.9776611328125,455.1333923339844,2120660728
449.0534973144531,458.40289306640625,439.168212890625,449.2256164550781,1826865701
499.8905944824219,509.34271240234375,447.6663818359375,449.10546875,3857489743
471.595458984375,504.1023254394531,461.7559814453125,500.21771240234375,2978438301
502.7862548828125,506.295166015625,470.63922119140625,472.2020263671875,3289398273
479.006103515625,518.75634765625,472.0317687988281,503.552490234375,3277913533
494.4986877441406,495.0123291015625,467.90118408203125,478.6301574707031,2563319587
486.1969299316406,496.8854064941406,483.3242492675781,494.6706237792969,1676741698
480.28302001953125,495.6763000488281,477.2008056640625,486.2085876464844,1763538464
459.4907531738281,481.13165283203125,458.1532897949219,480.2899475097656,2007036766
464.4187316894531,477.2822265625,452.48516845703125,460.6239929199219,2378049328
490.0687255859375,490.0687255859375,455.7580871582031,464.2729187011719,2303587593
483.9210510253906,504.541259765625,480.0368957519531,489.8598937988281,2324361979
488.6047058105469,494.39520263671875,475.22589111328125,483.756591796875,2051522050
498.07843017578125,510.0576477050781,485.8561096191406,488.4070129394531,2310249697
504.619873046875,505.11669921875,489.47491455078125,497.7048645019531,1899639214
495.9250183105469,508.8222351074219,488.678955078125,504.6980895996094,2206397359
417.5087890625,504.6031494140625,372.3029479980469,496.0363464355469,4471687569
415.1131591796875,425.4935607910156,384.2314453125,417.91888427734375,2940929033
421.27001953125,435.7174072265625,404.5211486816406,405.5805969238281,2392139922
401.6217956542969,438.92218017578125,394.0628356933594,421.2688903808594,2306735739
405.5273742675781,415.3570251464844,400.29925537109375,401.26348876953125,1567255682
416.6832275390625,421.20758056640625,398.0321350097656,405.399169921875,1671909230
399.0634460449219,419.2820129394531,385.37603759765625,416.7966003417969,2194763765
414.2362365722656,414.3195495605469,396.41607666015625,399.206787109375,1598465255
431.42303466796875,436.4163513183594,410.4539489746094,414.4934997558594,1838828414
424.64923095703125,433.1927795410156,416.1762390136719,431.29058837890625,1720989872
406.6328125,425.7662353515625,401.842041015625,424.403564453125,1516642578
410.8092956542969,420.0019836425781,401.7784423828125,406.4624328613281,1310349981
408.4716491699219,419.1825866699219,403.7186279296875,410.6031188964844,1243314915
361.9659118652344,409.643310546875,357.2733154296875,408.5135498046875,2344102082
344.53460693359375,375.6661071777344,339.01434326171875,364.05352783203125,2045164899
379.4403381347656,380.0084533691406,342.6800537109375,343.6654052734375,1678913732
383.8204040527344,384.7772216796875,369.6520080566406,379.1556701660156,1576382603
355.3162841796875,385.31927490234375,335.5061950683594,383.8063049316406,2081157733
349.8800964355469,360.63006591796875,344.19091796875,355.4073791503906,1388464569
344.1817626953125,352.6981506347656,320.3687438964844,349.88067626953125,1958526741
336.19122314453125,357.2929992675781,335.79046630859375,344.6517028808594,1507056912
333.0325927734375,344.27557373046875,330.0738525390625,335.80755615234375,1294330921
367.9895935058594,375.0068664550781,331.4485168457031,333.3979187011719,2385693434
387.0573425292969,388.2687683105469,366.6442565917969,367.7860107421875,1796235646
421.6431884765625,423.3442687988281,382.1313781738281,387.635986328125,2162493378
428.09832763671875,438.1070251464844,411.038330078125,421.4770812988281,1740937420
430.5088195800781,437.1003723144531,421.9388732910156,427.3511047363281,1470899248
425.7489013671875,430.7255859375,411.9521484375,430.5845031738281,1647171955
442.7061462402344,443.91424560546875,424.1143493652344,426.2142028808594,1526827785
435.4013671875,442.47930908203125,415.667724609375,442.40625,2006344571
438.7617492675781,449.9358825683594,424.3091735839844,434.9619140625,1962989705
419.10205078125,441.5137939453125,416.7060241699219,438.4752502441406,2678048368
421.5494689941406,425.9748229980469,416.8238525390625,418.7559814453125,1404867667
405.0693054199219,422.0504150390625,402.8292541503906,421.7956848144531,1437068558
413.4562072753906,423.55010986328125,401.22125244140625,404.5274658203125,1473121389
443.8675231933594,443.8675231933594,392.5707702636719,413.48675537109375,3142304145
470.74969482421875,471.65692138671875,434.4466247558594,444.4056396484375,5149146903
472.02239990234375,482.6448669433594,461.8553466796875,470.5386657714844,2486819344
473.70263671875,476.7559509277344,453.90008544921875,472.60040283203125,2804538828
465.6424560546875,483.55780029296875,463.511474609375,473.99468994140625,1904086807
470.62554931640625,472.2980041503906,455.4051818847656,465.72210693359375,1646437501
485.11102294921875,487.49969482421875,467.58477783203125,470.9144287109375,1999805026
488.14886474609375,497.2583312988281,481.9736328125,485.09942626953125,1844483840
501.02032470703125,505.2679443359375,482.24603271484375,488.0538330078125,1890415594
471.2569274902344,504.64862060546875,467.42236328125,501.34783935546875,3081793454
478.6431579589844,498.0141906738281,470.9593811035156,470.9593811035156,1962748496
485.90643310546875,485.90643310546875,473.1125793457031,478.9422607421875,1170864603
476.63311767578125,486.8027038574219,468.1982116699219,485.9901428222656,1246191889
484.64508056640625,488.8943176269531,474.8721618652344,475.92425537109375,1337787876
478.0250549316406,489.774169921875,475.2862854003906,484.7068786621094,1486193826
449.00799560546875,486.1675109863281,440.44500732421875,478.1210632324219,2340091135
492.0155334472656,494.9148864746094,447.6197204589844,448.8858337402344,2626956133
529.6221313476562,533.4754028320312,488.8721618652344,492.43255615234375,2667451365
527.9212036132812,539.9388427734375,511.9313049316406,529.8226928710938,2194893915
524.3644409179688,534.7709350585938,510.5654602050781,528.5473022460938,2076289915
551.2559204101562,552.0736694335938,512.17626953125,524.7382202148438,2535579529
554.4476318359375,564.022705078125,538.3999633789062,551.74755859375,2401108112
568.5787963867188,570.2593383789062,538.531005859375,554.557373046875,2567651316
559.7373046875,569.1212768554688,544.8768310546875,568.578125,2260479871
608.6480712890625,615.5808715820312,555.0560913085938,559.3905029296875,3675930507
636.1139526367188,636.1139526367188,596.7644653320312,608.2634887695312,2779927044
650.4540405273438,669.3458251953125,632.0792846679688,638.18603515625,3017167868
654.3150024414062,655.7136840820312,632.6870727539062,650.4674072265625,2828112534
635.1906127929688,657.0405883789062,632.3316650390625,654.0003662109375,2198989754
615.278076171875,662.3065185546875,578.0742797851562,635.0383911132812,3653998344
629.892333984375,634.8444213867188,606.4091796875,615.4552001953125,2341652507
626.6425170898438,634.5205688476562,604.1627197265625,629.1442260742188,2209163398
650.1041259765625,655.3208618164062,620.5878295898438,627.07958984375,2106170805
650.9180908203125,659.99267578125,634.5494995117188,650.062255859375,2101401990
633.0486450195312,660.044189453125,631.9422607421875,650.943115234375,2146877925
589.8228759765625,635.2603759765625,574.1801147460938,634.9476318359375,3772957260
578.0927734375,593.1080932617188,554.3214111328125,589.3280639648438,2704847734
532.2376098632812,587.9127197265625,518.423095703125,578.0348510742188,2917116815
581.5308227539062,585.8994750976562,525.2415161132812,531.505126953125,2481119529
603.8400268554688,604.8842163085938,574.0227661132812,581.478515625,2336197759
585.2942504882812,605.1771240234375,580.5870971679688,604.4089965820312,2055539646
559.1270141601562,585.1484985351562,554.270263671875,584.8157958984375,2251971535
591.4395751953125,605.0904541015625,559.0416259765625,559.5701904296875,2927434189
581.3953247070312,594.8309936523438,577.5083618164062,591.195556640625,2917418688
603.730224609375,646.9588012695312,587.8598022460938,590.3569946289062,2537227998
585.1473388671875,657.512939453125,566.5331420898438,639.0036010742188,4254504824
600.3367919921875,621.3866577148438,584.7943115234375,587.1033325195312,2485529516
611.3668212890625,612.737548828125,574.55126953125,601.0064086914062,2731676788
624.31005859375,628.4968872070312,602.4429321289062,611.7626342773438,2425803182
622.6698608398438,635.1295166015625,604.8676147460938,623.9569702148438,2781531694
627.9715576171875,650.253173828125,619.1972045898438,621.8128662109375,2806563703
619.4701538085938,629.8849487304688,606.6478271484375,627.5718383789062,2378758113
594.635986328125,628.3163452148438,579.84521484375,620.2990112304688,2483348354
569.0772705078125,596.148681640625,495.13226318359375,596.148681640625,4458419873
557.7830810546875,581.8065795898438,543.6355590820312,568.6514282226562,2394235567
589.2561645507812,593.3837280273438,534.263671875,557.9497680664062,3567503629
579.6898803710938,593.7992553710938,573.3385009765625,589.1107788085938,2112954675
607.5927734375,607.7808837890625,567.6162109375,579.1826782226562,2245501623
571.6489868164062,616.6473388671875,568.03955078125,606.6359252929688,2132955304
552.9668579101562,594.5972290039062,551.73583984375,570.9810180664062,2089946472
564.322509765625,572.1915283203125,542.565673828125,553.6710815429688,1824951693
570.823974609375,574.18505859375,559.5152587890625,564.1414184570312,1307635490
521.0115966796875,572.8823852539062,511.99847412109375,571.1774291992188,1900967743
511.2293701171875,536.2976684570312,510.4207763671875,520.6317138671875,2232411089
541.0269775390625,546.578125,503.0374755859375,528.4280395507812,2079796859
526.2465209960938,545.1519775390625,525.1216430664062,541.40380859375,1500825557
525.706298828125,535.4282836914062,511.70050048828125,526.1488037109375,1804795681
533.891357421875,537.8184204101562,517.3238525390625,526.17236328125,1294574825
529.9720458984375,543.7507934570312,527.772705078125,534.0184936523438,1199582659
523.1624755859375,534.7802124023438,506.370361328125,529.72802734375,1467380399
528.7109985351562,535.1061401367188,517.76025390625,523.388427734375,1461697111
533.6449584960938,544.6470947265625,527.6388549804688,528.7727661132812,1597323976
548.725830078125,552.5286865234375,524.7810668945312,533.7183227539062,1867124970
541.9020385742188,554.1250610351562,538.2337036132812,549.0022583007812,1677259160
547.3262329101562,550.865966796875,540.54541015625,542.4671020507812,1305388019
546.9949951171875,549.4100341796875,537.4617309570312,547.3241577148438,1576727325
562.6414794921875,571.5488891601562,543.50634765625,546.5078735351562,2180356553
534.9280395507812,563.59033203125,530.0599365234375,563.59033203125,2791585162
514.0007934570312,540.6157836914062,511.7453308105469,534.8500366210938,2159325741
518.9097290039062,527.5682983398438,509.00347900390625,514.5702514648438,1950603827
511.70831298828125,527.6973266601562,507.8857116699219,519.123046875,2020489898
527.3527221679688,527.3527221679688,511.9035339355469,511.9103698730469,1622547014
531.3966674804688,533.3710327148438,518.7535400390625,527.2916259765625,1462276185
512.135986328125,532.0955810546875,510.65216064453125,531.3888549804688,1949153130
507.506103515625,519.70166015625,503.2153625488281,512.1303100585938,2200879165
475.05694580078125,515.2391967773438,462.05755615234375,507.5978088378906,2870757788
473.2756042480469,481.0628356933594,460.2485046386719,475.0790710449219,4400228627
447.7884826660156,474.29620361328125,439.260009765625,473.00006103515625,4613172287
430.24615478515625,458.4837951660156,419.1954650878906,447.8568115234375,4068139021
438.8030700683594,444.4932556152344,428.239501953125,430.25311279296875,3347862691
424.93377685546875,445.0361633300781,408.69879150390625,438.78564453125,4156063326
463.518310546875,467.28106689453125,422.00091552734375,424.8912048339844,4600615710
487.0074157714844,489.3273010253906,457.1161193847656,463.562744140625,4131335431
475.02911376953125,488.21124267578125,467.8756103515625,487.0425720214844,4151007744
489.867431640625,491.66064453125,468.9396057128906,475.127197265625,3112235914
494.9880676269531,501.3111267089844,486.305908203125,489.9179992675781,1766015929
498.42791748046875,505.30096435546875,489.50213623046875,494.9241027832031,1771927950
475.7098693847656,498.94390869140625,468.5765075683594,498.50616455078125,2134608006
472.00506591796875,479.662109375,458.1524658203125,475.7364196777344,2106859289
462.82208251953125,472.7742919921875,454.75860595703125,471.9172058105469,1780063381
440.00543212890625,478.35394287109375,439.9780578613281,462.8569641113281,1881741995
383.07391357421875,444.18023681640625,376.7701721191406,440.067138671875,3647221590
358.0961608886719,388.9119873046875,340.0548095703125,383.47454833984375,4226932408
383.9339599609375,388.5939025878906,357.170654296875,358.32659912109375,2786834863
371.36895751953125,384.0406188964844,337.85394287109375,384.0406188964844,3210871602
384.6193542480469,387.1768493652344,358.08355712890625,371.3868408203125,2325661159
375.7554626464844,400.1520690917969,367.5751037597656,384.58624267578125,2226973227
390.0882873535156,391.80438232421875,360.3316955566406,375.54217529296875,1952844398
386.0843811035156,393.3755798339844,376.7521667480469,390.00067138671875,1592850476
389.1327819824219,396.77227783203125,381.68377685546875,386.06573486328125,1330610935
377.6129150390625,389.2471923828125,373.0362854003906,389.20220947265625,1289330238
375.2773132324219,384.9773864746094,366.1120300292969,377.64898681640625,1386778184
385.46380615234375,387.7675476074219,374.32684326171875,375.09918212890625,1392647608
367.4716796875,386.1147155761719,366.8953857421875,385.48876953125,1290849744
370.87774658203125,370.87774658203125,360.4913330078125,367.370849609375,1202744039
399.02960205078125,399.2165222167969,369.817626953125,370.7108459472656,1711084752
414.20001220703125,430.3477783203125,396.9337158203125,399.14886474609375,2039010962
419.5455627441406,421.1134338378906,408.6130676269531,414.2172546386719,1427593921
433.2292785644531,438.6415710449219,414.2497253417969,419.66644287109375,1755674427
408.7767639160156,444.2886047363281,407.164306640625,433.4591064453125,2247004672
422.4655456542969,427.3935241699219,407.9497985839844,408.51690673828125,1601745132
415.1192321777344,434.17144775390625,411.2454833984375,422.5140380859375,2037888603
400.4223937988281,419.2860107421875,393.9773254394531,415.18719482421875,1714654174
403.3897399902344,407.1397399902344,394.79949951171875,400.4990234375,1372516416
398.88677978515625,406.7127685546875,395.65533447265625,403.2715759277344,1151509777
403.6607971191406,403.9344787597656,391.3836669921875,398.64312744140625,1269083662
432.4093933105469,436.24810791015625,403.0949401855469,403.6642150878906,2538883559
427.9181213378906,433.4287414550781,423.0782470703125,432.491943359375,1670788158
402.4500427246094,431.01837158203125,400.8066711425781,427.5499267578125,1644013199
399.5691833496094,410.94293212890625,393.8162841796875,402.64984130859375,1554511893
400.0435791015625,406.3809509277344,393.93365478515625,399.52142333984375,1192395484
380.825927734375,400.1314392089844,376.0079650878906,400.0033874511719,1431745519
356.6612548828125,393.62408447265625,356.1849670410156,380.7365417480469,2164511484
374.3074645996094,374.8593444824219,350.1475830078125,356.7254638671875,2037210077
366.53948974609375,383.24761962890625,366.53948974609375,374.2992858886719,1644707704
361.2346496582031,368.16851806640625,324.4836730957031,366.34918212890625,2972951900
374.9149475097656,376.8026123046875,357.3665466308594,361.21600341796875,1839035023
373.6387634277344,385.2103271484375,371.47503662109375,374.8885803222656,1319208551
360.5310363769531,380.9590759277344,359.6255187988281,373.5999755859375,1600855952
395.6124267578125,396.45733642578125,356.6175842285156,360.3821716308594,1868349380
408.4822998046875,418.4899597167969,391.3292236328125,395.6241149902344,2885318336
409.00030517578125,414.912841796875,404.5347900390625,408.5185241699219,2045870796
402.5506896972656,412.80059814453125,397.9063415527344,409.0327453613281,1598018507
374.2808837890625,402.9167175292969,372.868408203125,402.5751953125,1740563403
384.87335205078125,386.84405517578125,368.17572021484375,374.441650390625,1321262776
375.0111999511719,387.1640930175781,373.0179443359375,384.91180419921875,1305295273
381.3446350097656,384.4175720214844,364.4313659667969,375.07159423828125,2058321705
381.95855712890625,387.6297912597656,377.70556640625,381.2547607421875,1684540144
393.5557556152344,402.028076171875,381.8405456542969,382.0426330566406,2425559108
372.1590270996094,394.40411376953125,364.087890625,393.4803771972656,2105808203
372.1840515136719,379.57171630859375,365.6082763671875,372.1961364746094,1550840418
372.7303771972656,379.1956481933594,372.1268615722656,372.1861877441406,1211417865
361.8498229980469,376.92840576171875,361.15087890625,372.60888671875,1242011950
373.4661560058594,373.6095275878906,360.3018493652344,361.83453369140625,1455465550
371.62884521484375,374.3332824707031,362.68475341796875,373.472412109375,1360640456
385.5282287597656,386.3632507324219,368.4816589355469,371.54278564453125,1788844135
391.8247375488281,392.87042236328125,382.1614685058594,385.4595642089844,1635657390
397.6455078125,399.92352294921875,384.2483215332031,391.7787780761719,1666543771
399.8535461425781,406.00372314453125,395.414794921875,397.5616455078125,1532550954
390.76837158203125,400.6107177734375,386.7667236328125,399.91973876953125,1334193471
396.44781494140625,398.96173095703125,386.5613708496094,390.73895263671875,1657341491
404.31494140625,409.6425476074219,395.57574462890625,396.3555908203125,1795119554
408.6097717285156,411.0295715332031,398.8558654785156,404.3272705078125,1645651129
414.1269836425781,416.5054016113281,406.0115661621094,408.55426025390625,1831451218
410.8111572265625,421.1537170410156,406.2960510253906,414.14825439453125,1678265707
415.9197998046875,416.3175354003906,407.98126220703125,410.8162536621094,1082240527
430.5032653808594,431.02557373046875,412.3829040527344,415.9313659667969,1499505093
430.390869140625,440.7283935546875,428.5652160644531,430.54681396484375,2128699500
434.50567626953125,441.5075378417969,430.07489013671875,430.07489013671875,1987696098
442.6848449707031,448.9471740722656,427.69207763671875,434.4297180175781,2181737151
428.9161071777344,451.9610900878906,424.9502868652344,442.65887451171875,2632534284
446.6042785644531,446.7965393066406,414.7493896484375,429.1240234375,2718206274
436.9553527832031,453.5584716796875,436.7767028808594,446.8442077636719,2272901729
450.348876953125,455.22845458984375,432.82171630859375,436.8658142089844,2128734028
447.5249328613281,450.4326171875,434.1780090332031,450.2645568847656,2248856403
445.172607421875,459.8055725097656,445.0386047363281,447.6300354003906,2268650039
420.1463623046875,445.02764892578125,418.8811340332031,445.0011291503906,2323241738
436.7967834472656,438.293701171875,417.6010437011719,420.1826477050781,2125042415
421.67724609375,440.6429748535156,419.43328857421875,436.93450927734375,1951923760
427.1530456542969,428.0207824707031,420.2725524902344,421.66534423828125,1399108286
418.5906677246094,429.3641052246094,418.5906677246094,427.1497497558594,1410282903
394.0868835449219,419.49078369140625,392.10992431640625,418.658447265625,2192782724
413.8739318847656,416.63580322265625,393.16680908203125,394.2887878417969,2140526232
423.1301574707031,424.3359375,411.05926513671875,413.8126525878906,1932053164
414.6637268066406,426.8072204589844,412.047119140625,423.0670166015625,1615484732
417.2937316894531,419.7969665527344,413.2726135253906,414.6671142578125,1242920077
417.47845458984375,418.6585998535156,411.91290283203125,417.29388427734375,1022481382
407.3777160644531,417.88067626953125,406.1683044433594,417.4115295410156,1088306780
416.9684143066406,417.94696044921875,397.149658203125,407.43292236328125,1925668122
422.3870544433594,424.2740173339844,415.0993957519531,417.0076599121094,1854452731
418.354248046875,430.97515869140625,415.7283935546875,422.3642883300781,2035166767
405.0214538574219,425.47412109375,402.0796813964844,418.3168640136719,2190281843
406.9875183105469,413.28125,404.1090393066406,404.96697998046875,1895749713
401.6524658203125,407.8970642089844,399.2784118652344,406.99334716796875,1354484386
399.1053771972656,405.4305725097656,398.34661865234375,401.5250244140625,1222468479
404.35028076171875,404.8739013671875,383.190673828125,399.1299133300781,1910707893
385.4830627441406,407.0845031738281,382.08099365234375,404.26885986328125,1671963898
391.4458312988281,394.4585266113281,384.07769775390625,385.5621643066406,1512587369
406.71820068359375,408.2324523925781,388.8776550292969,391.43865966796875,2116381172
393.0621643066406,410.17578125,390.53997802734375,406.6417236328125,1928209754
377.767822265625,399.59307861328125,377.767822265625,392.99853515625,1467605770
390.281982421875,391.0769958496094,377.2899475097656,377.7656555175781,1553846706
389.670654296875,392.2167053222656,382.7744140625,390.2612609863281,1388077917
383.4757995605469,391.7547607421875,380.3462219238281,389.6341552734375,1295877765
402.5026550292969,402.8627014160156,383.42803955078125,383.4835510253906,1714496792
378.77362060546875,412.4003601074219,372.5527648925781,402.4652099609375,2389487319
379.3042907714844,382.68109130859375,371.97332763671875,378.7567443847656,1834770716
365.6841125488281,380.3874206542969,361.1955871582031,379.2881774902344,1527960119
355.39874267578125,366.50958251953125,351.1437683105469,365.7330017089844,1875845651
299.34893798828125,358.9507141113281,299.34893798828125,355.3774108886719,2943374129
319.32696533203125,332.4388427734375,290.5867919921875,298.8207092285156,3210603809
269.9627685546875,322.7668151855469,262.6204528808594,319.1227722167969,3870618668
269.4072570800781,283.4751281738281,216.3614959716797,269.88800048828125,4739990237
290.5841979980469,312.68878173828125,265.7095947265625,269.1427307128906,2774121165
297.3876037597656,298.8028564453125,272.6511535644531,290.6180725097656,1884570404
312.0077209472656,312.1765441894531,286.6437683105469,297.3973693847656,1611088257
297.7101135253906,312.1442565917969,290.4618225097656,312.0841369628906,1754184298
305.96343994140625,310.1944580078125,296.9617919921875,297.6993103027344,1584497815
287.43878173828125,307.7114562988281,287.43878173828125,305.9898681640625,1520090732
306.79156494140625,307.9598083496094,287.214599609375,287.4504699707031,1646882950
302.3592224121094,315.27386474609375,294.76080322265625,306.78106689453125,1756670714
312.4660339355469,313.66015625,300.13006591796875,302.3659362792969,1318736979
319.6090087890625,322.8570251464844,311.82733154296875,312.488037109375,1604297406
316.76055908203125,336.3075256347656,316.3497314453125,319.5171203613281,2228144099
328.1893310546875,329.81866455078125,313.5509033203125,316.850830078125,2002782969
325.73480224609375,336.6660461425781,324.5485534667969,328.1956787109375,2008481372
304.96392822265625,330.892333984375,298.7865905761719,325.7552795410156,2686414043
300.9720458984375,308.86492919921875,292.1418762207031,304.79083251953125,2593113824
307.8154296875,309.20904541015625,297.7169189453125,302.4350280761719,1471633413
305.9750671386719,307.94439697265625,299.3061828613281,307.7525329589844,1208835000
321.7528991699219,323.2577819824219,304.3365783691406,305.944091796875,2064357375
320.485107421875,323.70135498046875,314.2755126953125,321.7203063964844,1711532960
300.5040588378906,323.88507080078125,297.9685974121094,320.4720153808594,1763624947
308.1017761230469,309.0408935546875,298.67120361328125,300.4664611816406,1228180850
298.39788818359375,309.8567199707031,293.8630676269531,308.1941833496094,1115211127
301.6311340332031,302.6377868652344,295.2839050292969,298.5028381347656,805954970
298.9347229003906,301.9407653808594,295.4252624511719,301.597900390625,779603321
295.3960266113281,311.69970703125,289.42828369140625,298.9845886230469,1470941103
290.34112548828125,295.3734130859375,274.4277648925781,295.3734130859375,1752763456
288.6160888671875,294.0399475097656,284.3733215332031,290.298828125,1136631692
289.9196472167969,292.98065185546875,286.4792785644531,288.6175537109375,800984464
286.04669189453125,297.2312927246094,283.4785461425781,289.8885803222656,1362797648
269.48699951171875,290.3717956542969,265.6297912597656,286.1053771972656,1220361307
255.9508819580078,271.3798828125,251.99143981933594,269.6625671386719,1380200465
222.5057830810547,256.85430908203125,214.6053009033203,255.667724609375,2471570710
223.22125244140625,230.36563110351562,205.39317321777344,222.5522003173828,2027226914
233.39671325683594,234.01708984375,199.29222106933594,223.18943786621094,2244407305
209.5387420654297,236.3285369873047,208.0655975341797,233.46786499023438,1483212957
215.8917999267578,221.64134216308594,208.10292053222656,209.70867919921875,1108538874
197.04299926757812,218.55020141601562,184.54005432128906,215.81561279296875,1579731402
214.9205322265625,216.0824737548828,190.12149047851562,196.95579528808594,1333254615
216.93426513671875,218.0797119140625,205.1668243408203,214.87974548339844,1235838900
219.49862670898438,227.6422119140625,213.55081176757812,216.90110778808594,1165714518
214.2619171142578,220.5269317626953,211.59193420410156,219.67340087890625,1050984086
228.95375061035156,229.77142333984375,214.2310333251953,214.2310333251953,1148541185
240.23831176757812,242.81625366210938,228.63003540039062,228.92286682128906,1127877901
239.69065856933594,241.4977264404297,230.4462127685547,240.26217651367188,915553554
233.85874938964844,244.66546630859375,233.63218688964844,239.61257934570312,823875890
233.65402221679688,240.6182098388672,230.507080078125,233.8336639404297,841135242
226.92733764648438,241.42324829101562,226.1501007080078,233.57284545898438,1082126615
219.2844696044922,229.43470764160156,215.94781494140625,226.90460205078125,1062609997
219.3000946044922,219.88706970214844,205.92666625976562,219.3875732421875,1088852065
216.0154571533203,226.37962341308594,213.66563415527344,219.52899169921875,1234215934
218.0352325439453,219.42201232910156,214.21044921875,216.2319793701172,767361243
218.98031616210938,219.78871154785156,214.46449279785156,218.04757690429688,724525676
231.57412719726562,231.76820373535156,215.21372985839844,218.97860717773438,1039372640
230.8463592529297,235.7591552734375,223.22837829589844,231.48411560058594,1310031377
238.49993896484375,239.4906005859375,229.2979278564453,230.9110870361328,1266715664
241.5445098876953,243.30288696289062,235.4365997314453,238.50296020507812,1108137930
240.75071716308594,246.68301391601562,237.14039611816406,241.54443359375,1341618380
243.24107360839844,244.69346618652344,240.6688232421875,240.75657653808594,851653424
234.65557861328125,243.32713317871094,232.1019744873047,243.2509307861328,881096013
225.85850524902344,234.64993286132812,225.5014190673828,234.599365234375,1021066311
220.4645538330078,228.1908416748047,220.4645538330078,225.86839294433594,1140033692
230.52476501464844,230.53871154785156,216.81680297851562,220.49241638183594,1431776142
238.1644744873047,239.66015625,227.5799102783203,230.5123291015625,1609361574
238.57398986816406,241.8334197998047,235.6831512451172,238.22662353515625,1151260376
249.5938720703125,250.75875854492188,234.11767578125,238.55906677246094,1030985968
247.84848022460938,255.29649353027344,246.9508056640625,249.64080810546875,1050861669
264.88604736328125,264.88604736328125,247.8218231201172,247.83447265625,1632324536
268.81732177734375,274.24365234375,256.6991882324219,264.49493408203125,1925805446
258.33880615234375,271.7902526855469,256.9964904785156,268.772705078125,1675018362
265.4625549316406,265.90753173828125,251.545654296875,258.3401184082031,1220055525
262.87744140625,271.1519775390625,261.6124572753906,265.4770202636719,1173778496
259.4630126953125,271.6138610839844,253.22386169433594,262.72015380859375,1108172504
261.8648681640625,265.8866882324219,257.4329528808594,259.473876953125,913146574
245.14849853515625,262.4361267089844,245.14849853515625,261.84100341796875,1005244476
248.9583740234375,248.9583740234375,240.11329650878906,245.12367248535156,926779355
271.5043640136719,271.5043640136719,247.80410766601562,249.01580810546875,1405510237
277.2939147949219,280.12738037109375,264.7391052246094,271.5153503417969,1648592412
293.9533386230469,301.2096862792969,275.3043518066406,277.3141174316406,2562325488
287.5361328125,299.7239685058594,285.4088134765625,293.91510009765625,1578905327
283.5794677734375,296.210205078125,282.60931396484375,287.5772399902344,1313531523
283.53948974609375,290.08477783203125,278.3435363769531,283.6294860839844,1314157614
283.82098388671875,290.5367736816406,274.8204650878906,283.4763488769531,1768344106
298.3567810058594,305.1868591308594,278.81182861328125,283.87384033203125,2133584480
310.7060546875,312.74810791015625,297.4320373535156,298.3701171875,1926587001
315.185546875,320.95660400390625,308.6068115234375,310.693603515625,1585061398
315.06890869140625,321.8396911621094,313.733642578125,315.1969909667969,1151509385
322.921142578125,325.1716613769531,309.0248718261719,315.12310791015625,1012978419
324.8004150390625,332.881103515625,322.53936767578125,322.9548034667969,1318773332
324.9123229980469,327.8254699707031,313.4969177246094,324.83636474609375,1139003043
328.4711608886719,336.28369140625,314.41259765625,324.8590393066406,1738218767
323.80023193359375,334.09722900390625,322.30755615234375,328.460205078125,1511577808
327.5146789550781,327.5146789550781,318.2651672363281,323.7721252441406,980643843
323.8701477050781,332.5167541503906,323.4788818359375,327.57415771484375,991712327
317.98663330078125,330.8052978515625,316.6592712402344,323.9740905761719,936178150
319.8872985839844,326.8336486816406,314.85809326171875,318.032470703125,1141553086
316.4236755371094,322.1582946777344,312.8060607910156,319.7127685546875,963072351
306.63641357421875,323.2359924316406,305.33489990234375,316.401611328125,1111784114
298.1412353515625,310.1879577636719,297.02642822265625,306.7964782714844,1041814513
279.7187194824219,298.1907043457031,278.5794372558594,298.15277099609375,1598319492
283.6931457519531,288.905517578125,278.3320617675781,279.6201171875,1315367730
302.0562744140625,303.6579284667969,283.63909912109375,283.63909912109375,1249205607
300.5591125488281,303.82379150390625,289.30670166015625,302.0341796875,1463703478
299.0299377441406,301.19500732421875,294.3196716308594,300.5709228515625,1034959891
296.4496765136719,299.95867919921875,294.7120361328125,299.0151062011719,935405757
301.5836486816406,306.1381530761719,296.20208740234375,296.4873046875,973529233
279.5981750488281,301.5559997558594,277.8516540527344,301.5559997558594,1210077085
277.80157470703125,283.85009765625,274.54437255859375,279.57183837890625,962669292
276.2508850097656,283.6283264160156,276.2508850097656,277.8034362792969,758285305
286.2214050292969,286.3310241699219,272.80596923828125,276.2806091308594,1009161525
281.42535400390625,291.6630859375,277.074462890625,286.21527099609375,979620743
279.23809814453125,289.7711181640625,278.07879638671875,281.45648193359375,952486877
278.417236328125,280.2213134765625,271.4728088378906,279.2513427734375,954919263
277.4161071777344,282.9059143066406,274.4879150390625,278.3879699707031,807053745
277.77557373046875,278.4322814941406,274.77545166015625,277.4311218261719,490102253
278.84185791015625,279.8131408691406,275.4532165527344,277.78192138671875,512014471
276.6859130859375,280.6126403808594,273.7195129394531,278.8544921875,665273781
262.66839599609375,285.7541809082031,262.5975646972656,276.7518615722656,1173656468
278.7613220214844,279.76385498046875,259.99395751953125,262.6126403808594,963734560
280.5774841308594,282.0633239746094,276.0489196777344,278.7602233886719,870477242
293.4071350097656,294.9559326171875,280.2208251953125,280.5370178222656,1139680146
296.96905517578125,298.4418640136719,291.24749755859375,293.39508056640625,851195253
295.161865234375,297.8752136230469,291.3034973144531,296.91973876953125,700835025
293.6587219238281,299.1763000488281,291.15069580078125,295.1741027832031,998624528
277.5769348144531,297.6877136230469,275.9689636230469,293.64923095703125,1136956066
279.3858642578125,282.1502685546875,274.83056640625,277.4132995605469,956413768
270.806884765625,280.2467956542969,268.0102233886719,279.383056640625,1080164338
274.6545715332031,276.26324462890625,269.1295166015625,270.812255859375,803452434
279.24932861328125,279.5317077636719,274.7300109863281,274.7300109863281,560951664
266.31317138671875,279.6207580566406,264.74365234375,279.2207336425781,789437105
272.06982421875,272.6191101074219,257.18682861328125,266.2519226074219,1074224923
266.3695983886719,273.203125,265.6932067871094,272.13055419921875,845702947
264.7920837402344,275.83355712890625,261.2751770019531,266.3947448730469,1057177278
275.5002746582031,275.90765380859375,264.0281066894531,264.6077575683594,843345381
276.6262512207031,277.3817138671875,269.6694641113281,275.4934997558594,869618433
275.1353759765625,284.6324462890625,275.1353759765625,276.6270446777344,818302597
274.0612487792969,279.2016906738281,271.6731262207031,275.1043395996094,640533920
275.9278564453125,276.4469909667969,271.1883239746094,274.14178466796875,716989161
272.40155029296875,286.0679931640625,270.82208251953125,275.92596435546875,927431127
281.7812194824219,283.3424377441406,266.9765625,272.3344421386719,857467325
283.7890319824219,285.2337646484375,277.5006408691406,281.76666259765625,800888080
284.1922912597656,289.537109375,280.89300537109375,283.83428955078125,905481572
282.8719177246094,285.19287109375,278.36090087890625,284.2734069824219,593375648
284.43310546875,287.3795166015625,279.9544372558594,282.8950500488281,556343468
287.031982421875,288.6329040527344,283.8986511230469,284.4148864746094,700566674
296.2984619140625,297.9946594238281,286.5289611816406,287.024169921875,794566055
294.1376647949219,296.33306884765625,289.90374755859375,296.2894592285156,656837388
286.6341552734375,297.6993713378906,279.8035583496094,294.1552734375,1010110227
283.18267822265625,286.9586181640625,280.19146728515625,286.7719421386719,952606066
276.4695739746094,282.99420166015625,276.04986572265625,282.99420166015625,604706997
278.2380676269531,279.280029296875,275.4630432128906,276.4495544433594,570350814
271.8060607910156,279.0643005371094,271.8060607910156,278.24456787109375,655201928
271.37139892578125,273.662841796875,268.44683837890625,271.7315368652344,584301468
270.97100830078125,272.7352294921875,269.66015625,271.4066162109375,546926291
271.8514099121094,273.4926452636719,257.9745178222656,270.9587097167969,1124480167
269.5671691894531,276.52886962890625,268.343017578125,271.8459167480469,809144930
268.4040832519531,271.364501953125,267.88482666015625,269.55902099609375,491674298
272.51995849609375,273.7430419921875,268.3623046875,268.4115905761719,563344666
275.5125732421875,275.8415222167969,270.4273376464844,272.5019226074219,594844795
273.2145690917969,275.81524658203125,270.533203125,275.5345153808594,599934776
271.9813537597656,273.647705078125,270.6843566894531,273.22344970703125,497761035
269.2712707519531,273.28515625,267.8604736328125,271.9537353515625,539795617
270.0384216308594,271.04791259765625,264.5229797363281,269.2449035644531,593811687
270.4794921875,271.0074157714844,268.56689453125,270.0330810546875,391459296
276.0081787109375,276.5697937011719,269.1025390625,270.47998046875,483765500
273.9774169921875,276.8754577636719,271.8848876953125,276.0007629394531,535946814
284.4325256347656,289.601806640625,272.36651611328125,273.95135498046875,940035659
290.3769836425781,291.702392578125,284.163818359375,284.356201171875,1017326051
286.8441162109375,293.0694580078125,285.2253112792969,290.3919982910156,874526054
298.0141906738281,300.7218017578125,286.1366882324219,286.8411560058594,1072756219
304.21795654296875,307.91497802734375,295.94525146484375,298.0037841796875,1397370727
313.7547912597656,318.06927490234375,302.53436279296875,304.22991943359375,1451550019
326.3607177734375,336.7953186035156,307.6253356933594,313.6713562011719,2168405759
324.5794372558594,334.20623779296875,317.9355163574219,326.2778625488281,1329110451
320.1505432128906,329.0394592285156,316.2809143066406,324.4679870605469,1411029750
329.71697998046875,338.642578125,318.4955749511719,320.1744384765625,1514834239
354.4063720703125,358.1820068359375,328.7398376464844,329.67095947265625,1938879952
349.25372314453125,360.309326171875,347.0196228027344,354.4194641113281,1231594445
339.3893737792969,354.48809814453125,339.1924133300781,349.28814697265625,1143505730
337.0145568847656,344.0419006347656,327.68377685546875,338.89715576171875,1811518274
327.6902770996094,388.71551513671875,302.75189208984375,336.9876403808594,5390603525
266.8531188964844,332.0610046386719,261.7302551269531,327.8196716308594,3191459132
304.0800476074219,311.0740051269531,264.4677429199219,266.8857727050781,2461275687
289.820556640625,304.91278076171875,280.6268615722656,303.98687744140625,1625174426
282.3412780761719,290.3691711425781,272.0461120605469,289.8576354980469,1189401392
276.5794372558594,286.08447265625,274.0527038574219,282.3652648925781,956106804
278.57843017578125,290.7196350097656,268.2330322265625,276.62225341796875,1541330420
276.8740234375,281.8825378417969,274.0931091308594,278.6280212402344,1116291060
272.08160400390625,279.7919921875,269.6501770019531,276.8630065917969,908816092
267.91131591796875,273.22247314453125,264.39849853515625,272.08831787109375,854777255
273.91998291015625,274.5059509277344,267.9135437011719,267.91412353515625,685307608
272.3976745605469,274.262451171875,269.6495361328125,273.88720703125,551451228
264.2351379394531,273.6504821777344,262.5552978515625,272.4302978515625,720361905
254.1682586669922,264.7425537109375,250.6569366455078,264.23577880859375,1094850661
266.3243408203125,266.89215087890625,252.38995361328125,254.0190887451172,800429058
297.8474426269531,300.02020263671875,265.03497314453125,266.42034912109375,1920236928
300.4278259277344,303.06463623046875,294.53155517578125,297.94586181640625,1219177799
300.57769775390625,304.16326904296875,294.9123229980469,300.3338317871094,949045515
311.3884582519531,316.9621276855469,300.38946533203125,300.5717468261719,1221554861
307.4292907714844,316.2198791503906,307.1563720703125,311.3720397949219,793779029
293.5272521972656,309.0960998535156,289.4936828613281,307.3995666503906,1154829072
295.4981689453125,304.82281494140625,289.7636413574219,293.4918212890625,986451640
300.7943420410156,304.6509704589844,294.38226318359375,295.5482177734375,1009620336
292.0162048339844,301.47967529296875,290.5537109375,300.7543640136719,1433086340
293.5274963378906,293.5274963378906,286.14068603515625,292.028564453125,854253818
290.5631408691406,294.04302978515625,289.7044677734375,293.5003662109375,634607105
292.2882995605469,292.3376159667969,288.5040588378906,290.5531005859375,633441009
288.4742736816406,296.91217041015625,286.5386962890625,292.2088928222656,705616866
290.3544616699219,290.60162353515625,287.1078796386719,288.4617614746094,610280514
284.284423828125,290.4856872558594,282.02081298828125,290.3846130371094,759320494
290.53717041015625,291.51171875,282.8092041015625,284.295166015625,646645162
286.0904235839844,291.5705871582031,285.57562255859375,290.5220031738281,644239750
288.1252136230469,289.49261474609375,286.10650634765625,286.10650634765625,439735200
284.3904113769531,290.9364318847656,284.18829345703125,288.1442565917969,496833486
276.2781982421875,285.5374450683594,273.5308532714844,284.43438720703125,974762447
271.9516906738281,280.6873474121094,257.44036865234375,276.28448486328125,1925504273
268.2315368652344,277.8570861816406,266.146240234375,271.95806884765625,1026628081
258.2737121582031,268.1503601074219,257.0812072753906,268.1503601074219,709349174
231.23243713378906,264.2475891113281,227.34523010253906,258.2687683105469,1264053277
242.52928161621094,243.5819549560547,221.00318908691406,231.2207489013672,1196953526
251.15638732910156,253.33969116210938,240.03652954101562,242.51690673828125,925487110
240.65780639648438,252.93301391601562,238.65078735351562,251.24267578125,751196285
251.74453735351562,252.628662109375,239.8014373779297,240.66822814941406,667866377
246.04698181152344,251.69432067871094,245.7572479248047,251.69432067871094,479296549
245.890625,248.0320281982422,240.4832000732422,246.06832885742188,543367184
246.14817810058594,248.27471923828125,244.45294189453125,245.89413452148438,388929772
244.63552856445312,246.1817169189453,243.9530487060547,246.15164184570312,280627376
243.14149475097656,245.73098754882812,241.70050048828125,244.6363983154297,298063868
244.1982879638672,244.595947265625,242.22442626953125,243.14793395996094,276115280
246.5966796875,247.6796875,242.5621795654297,244.20265197753906,391342277
244.1419219970703,246.8400421142578,242.10928344726562,246.60711669921875,414698978
246.47972106933594,246.6009979248047,243.5799102783203,244.17141723632812,345312528
245.7792205810547,246.4972381591797,243.12747192382812,246.4580078125,342300809
246.3491973876953,247.5836181640625,245.10824584960938,245.78868103027344,307551853
244.13697814941406,246.48580932617188,243.57528686523438,246.33290100097656,278651737
245.53590393066406,247.71527099609375,241.69248962402344,244.1522216796875,357733262
246.13336181640625,246.83145141601562,244.78404235839844,245.55213928222656,377452410
259.11968994140625,260.51605224609375,245.70497131347656,246.14089965820312,632924961
256.4228515625,259.07647705078125,255.5965576171875,259.07647705078125,342934041
259.8671569824219,260.22174072265625,255.0677032470703,256.4501953125,417893264
261.2828369140625,262.9636535644531,259.5932922363281,259.8548889160156,327712514
274.38507080078125,274.38507080078125,260.51690673828125,261.2529296875,491734030
272.7015380859375,283.0254211425781,271.8993835449219,274.44244384765625,783671054
277.2896423339844,278.2676696777344,271.14984130859375,272.6551818847656,470259383
285.0465087890625,285.1723937988281,274.5263977050781,277.29351806640625,466458216
287.8123474121094,287.9513854980469,279.74102783203125,286.9006652832031,655903255
293.7330017089844,295.2747802734375,285.19122314453125,287.8114929199219,561853825
305.2411193847656,314.00335693359375,293.6006164550781,293.71966552734375,1087358891
302.0706481933594,305.76385498046875,292.9245910644531,305.3287353515625,562889882
298.9992370605469,307.5973815917969,294.18194580078125,302.0799865722656,602126315
299.82452392578125,304.78814697265625,296.97479248046875,299.0591125488281,529752305
286.9910583496094,304.8897705078125,282.63104248046875,299.8314514160156,844268123
294.8522033691406,295.1185302734375,286.8704528808594,286.885498046875,431382130
304.9731750488281,305.02093505859375,287.2264404296875,294.84552001953125,669836014
299.26116943359375,309.6165771484375,299.0642395019531,305.0204772949219,755028964
303.04644775390625,310.6024169921875,299.10357666015625,299.2391052246094,571771274
305.50408935546875,307.42926025390625,302.3316955566406,303.02032470703125,520678637
300.6123352050781,322.7462158203125,299.6996154785156,305.3908996582031,887528741
307.3076477050781,313.20074462890625,294.71466064453125,300.6381530761719,667706772
304.8665466308594,309.2630920410156,302.3926696777344,307.0964050292969,540954388
308.12310791015625,309.89447021484375,300.3205871582031,304.87445068359375,484897937
306.24432373046875,313.0773620605469,304.09332275390625,308.1571350097656,434715822
317.3362121582031,320.1185607910156,305.1980895996094,306.2362976074219,664644693
307.0688781738281,320.25482177734375,303.58074951171875,317.3753967285156,630938594
312.3610534667969,313.8247985839844,305.6813659667969,307.0965576171875,487472184
317.47259521484375,319.2076721191406,306.1482849121094,312.2771301269531,616638893
323.34979248046875,333.49554443359375,316.7110595703125,317.34619140625,909077028
332.2686767578125,334.545166015625,318.9032287597656,323.2913513183594,861598551
330.6170959472656,333.8709411621094,327.7414245605469,332.24969482421875,440935963
327.8693542480469,337.3205261230469,324.8794860839844,330.5582580566406,662969265
324.6271667480469,330.9574279785156,321.9461364746094,327.8618469238281,521894604
333.2278747558594,333.5267333984375,324.2054748535156,324.5574035644531,521804212
328.0886535644531,334.7283935546875,324.49053955078125,333.2173156738281,515127902
305.9604187011719,329.0126037597656,303.3585510253906,328.1722106933594,778492045
305.9541320800781,309.0569152832031,303.0165710449219,306.00726318359375,492880078
310.61602783203125,311.1468811035156,305.4541015625,305.97991943359375,348569462
312.9296569824219,320.23486328125,306.5174865722656,310.6056213378906,520994815
294.475341796875,315.123046875,283.6963806152344,312.9018249511719,1322505522
296.120361328125,301.1332702636719,290.1734924316406,294.47039794921875,662196432
317.1692199707031,317.3873291015625,294.3832702636719,296.1449279785156,667519216
304.7637023925781,326.6348876953125,304.50274658203125,317.150390625,1036335164
313.37799072265625,316.4135437011719,303.5519104003906,304.74273681640625,701575686
316.6827087402344,318.6784973144531,313.300537109375,313.3858642578125,467884011
311.93585205078125,318.42645263671875,311.3098449707031,316.6196594238281,522437732
315.37744140625,319.30078125,309.4282531738281,312.0279235839844,676396150
311.4720153808594,316.9972839355469,309.95526123046875,315.39935302734375,579359973
312.7811279296875,312.80938720703125,304.2212219238281,311.4826354980469,549179249
308.533935546875,314.8948974609375,306.1802062988281,312.8053283691406,472852406
302.0537109375,311.7994384765625,300.0581359863281,308.459716796875,479926281
302.3846130371094,303.02923583984375,297.22412109375,302.1002502441406,310503640
308.9970703125,309.5875549316406,300.96624755859375,302.3690185546875,312320211
304.8558044433594,309.325439453125,300.93609619140625,308.9851989746094,404806423
301.4748229980469,305.6327209472656,300.56927490234375,304.85498046875,337673265
302.907470703125,306.1851501464844,301.0980224609375,301.5103454589844,377974810
299.9461669921875,303.5541687011719,296.5191650390625,302.9161071777344,370516889
290.2828369140625,300.087646484375,287.979248046875,299.9775695800781,450262903
289.5038757324219,291.3275451660156,286.61907958984375,290.2898864746094,289197235
288.69970703125,292.4590759277344,287.87591552734375,289.5206298828125,287599378
288.0549621582031,289.7183837890625,283.9531555175781,288.7044982910156,374160712
289.34368896484375,290.21673583984375,284.37408447265625,287.99554443359375,373176525
286.86700439453125,293.6416320800781,285.5854797363281,289.32745361328125,436665040
277.2961120605469,291.3664855957031,272.7283630371094,286.9457702636719,505668979
277.4195861816406,278.1007385253906,265.7124328613281,277.3235168457031,558776711
277.96142578125,281.64410400390625,272.2830810546875,277.4346618652344,523623578
289.67578125,289.7134094238281,276.63861083984375,277.94403076171875,483074620
308.9122009277344,313.75372314453125,287.5561828613281,289.7408142089844,1122664621
309.37078857421875,319.8389587402344,304.01312255859375,308.93798828125,866173920
307.12493896484375,313.9241638183594,301.69415283203125,309.4461364746094,596861029
329.8608703613281,333.0071716308594,304.4295349121094,307.21343994140625,1337194824
339.0811462402344,340.2700500488281,327.1355895996094,329.8863220214844,934568148
331.5242919921875,346.44512939453125,330.7912292480469,339.0407409667969,828471428
336.9782409667969,341.81658935546875,331.5301818847656,331.5301818847656,705888292
332.9230041503906,339.79803466796875,332.8540954589844,337.0009460449219,682276624
335.3092346191406,339.5476989746094,328.9939880371094,333.01580810546875,638610697
321.8877258300781,339.685791015625,317.6002502441406,335.29412841796875,1280612242
329.8370056152344,331.968505859375,319.8922119140625,321.863525390625,547390925
322.3593444824219,330.1739807128906,317.77679443359375,329.8080749511719,468651735
322.6730651855469,325.0028381347656,319.9109191894531,322.3198547363281,439062620
328.88800048828125,329.5675354003906,322.0966491699219,322.6365051269531,363216136
310.9491271972656,329.33050537109375,306.4544372558594,328.90447998046875,656817420
313.2606201171875,314.98614501953125,307.37127685546875,310.9465637207031,478328374
313.8417663574219,319.5325012207031,312.7904052734375,313.2275390625,482942200
316.56756591796875,317.79571533203125,311.0036315917969,313.86260986328125,594180917
317.0400085449219,319.6335754394531,313.7864990234375,316.6324157714844,419430009
315.2173156738281,318.4306335449219,313.5613098144531,317.0597839355469,463135728
313.9286193847656,316.18841552734375,311.53656005859375,314.94207763671875,442429679
308.5623779296875,314.0332336425781,300.5087585449219,313.9376525878906,701865645
310.9948425292969,312.0874938964844,308.4649658203125,308.58984375,575672802
314.06317138671875,316.3108215332031,310.514404296875,311.00091552734375,592856922
312.45465087890625,314.5912170410156,311.0617370605469,314.0839538574219,530706217
310.6994934082031,312.8652648925781,309.9834289550781,312.4539489746094,478098163
310.6347351074219,312.6832580566406,310.3880310058594,310.6653137207031,461767801
312.87225341796875,313.6131591796875,309.88458251953125,310.6590576171875,465627007
318.3790588378906,318.3790588378906,311.8117980957031,312.8681335449219,565754261
322.7582702636719,332.8777770996094,318.14306640625,318.4115295410156,896643000
318.9537658691406,323.48980712890625,317.3410339355469,322.7652282714844,639928192
324.9480895996094,325.2355041503906,318.1626281738281,320.0234680175781,684442464
329.1738586425781,335.52276611328125,324.037109375,324.9757080078125,941862415
333.40728759765625,335.97052001953125,327.572021484375,329.1726989746094,730957108
348.2209167480469,349.9566345214844,331.2898254394531,333.39019775390625,936315454
339.9941101074219,350.0722961425781,338.2606201171875,348.1757507324219,856381072
343.1934509277344,346.4930419921875,337.85931396484375,340.0447692871094,741280408
322.70751953125,343.5299072265625,321.0520324707031,343.16961669921875,826810466
317.8899230957031,326.5525207519531,315.9021911621094,322.5877380371094,663981561
321.67498779296875,331.41717529296875,316.116943359375,317.9211120605469,1057530805
331.9950866699219,332.9909973144531,320.3104553222656,321.65673828125,670641138
330.61883544921875,332.220703125,327.779541015625,332.0133361816406,639990072
331.2458801269531,333.4481201171875,328.1448669433594,330.6213073730469,662758378
338.3255615234375,339.701171875,328.8067932128906,331.20050048828125,682400159
330.82177734375,344.81683349609375,325.43853759765625,338.3247985839844,910334786
331.1950988769531,336.4452819824219,329.1021728515625,330.84637451171875,750494420
324.500244140625,331.1993103027344,319.5908508300781,331.1993103027344,1069178743
322.1347351074219,324.7434387207031,321.87060546875,324.4894714355469,536818146
337.6455383300781,337.9449157714844,320.7230529785156,322.10662841796875,865228956
328.7242126464844,339.39166259765625,326.6700439453125,337.605224609375,912601797
321.95269775390625,328.75897216796875,321.95269775390625,328.738037109375,686766524
326.212890625,327.4369201660156,320.9884948730469,321.9757080078125,822037855
323.9171447753906,327.4441223144531,323.5232238769531,326.2037353515625,467074893
326.9403076171875,328.9045715332031,323.9261779785156,323.9261779785156,519090054
322.7740173339844,328.7369079589844,320.5791015625,326.94537353515625,494274153
321.6110534667969,325.81414794921875,321.512939453125,322.7579650878906,437921018
313.9712219238281,322.4250183105469,311.8853454589844,321.4257507324219,636404503
312.5137023925781,315.7340393066406,311.5994567871094,314.0020751953125,461175016
314.57745361328125,316.6778869628906,308.8152770996094,312.4984436035156,545212280
307.6958312988281,314.5896301269531,304.9615173339844,314.5896301269531,484941644
308.6031188964844,308.8200988769531,301.5823974609375,307.68902587890625,509746023
311.0868835449219,311.89794921875,307.83953857421875,308.6343078613281,385073781
312.1358947753906,314.6377258300781,310.005859375,311.0894470214844,404468149
313.5294189453125,316.3658142089844,311.0141296386719,312.13360595703125,432273711
311.3800354003906,314.0379333496094,309.6927490234375,313.54290771484375,402988974
314.0835266113281,314.2699890136719,307.6412048339844,311.36981201171875,437721579
309.4566955566406,314.6662902832031,306.6496276855469,314.0912170410156,383049498
308.96429443359375,311.1976013183594,307.9300537109375,309.44677734375,334636708
310.719970703125,311.8423156738281,308.0879821777344,308.982421875,277393160
306.5067138671875,311.5177001953125,306.478515625,310.7096252441406,302803530
309.2456359863281,310.83538818359375,305.0476379394531,306.5234680175781,355156561
313.5062255859375,315.2126770019531,309.2388916015625,309.2491760253906,361568579
305.9327697753906,313.5504150390625,304.16552734375,313.5191345214844,418835791
304.733642578125,306.6758728027344,302.9423522949219,305.9226989746094,401117895
306.8863220214844,308.41436767578125,301.8935546875,304.7257080078125,475658791
307.5917663574219,307.59844970703125,304.4021301269531,306.8948974609375,331579600
314.2700500488281,314.45098876953125,306.99798583984375,307.5807189941406,405623337
311.80718994140625,316.79559326171875,310.7929382324219,314.2846374511719,543284868
311.68450927734375,314.276611328125,311.3135070800781,311.8103332519531,392038878
306.86669921875,311.8466491699219,305.37640380859375,311.6957092285156,474410245
304.9532775878906,307.61376953125,303.6445617675781,306.8828125,354897855
307.4237976074219,308.3961486816406,303.7401428222656,304.95068359375,382256220
306.7201232910156,308.1976623535156,305.64898681640625,307.43389892578125,260995871
305.15679931640625,307.58392333984375,305.0121154785156,306.71844482421875,273449324
276.8892517089844,305.1672668457031,272.8895568847656,305.1672668457031,928515688
281.4955749511719,285.5967102050781,273.72393798828125,276.9336242675781,691784529
259.3914489746094,281.4814453125,256.095703125,281.4814453125,958739195
262.14849853515625,266.8072204589844,257.7645263671875,259.4009094238281,562863852
260.7160949707031,263.9214172363281,256.5093994140625,262.1507873535156,491429998
239.08908081054688,260.7160949707031,233.169189453125,260.69866943359375,1068424942
235.4387969970703,239.3482666015625,234.43069458007812,239.08741760253906,376213808
231.0514373779297,238.4732208251953,222.0713348388672,235.40391540527344,1014433334
243.89053344726562,245.64219665527344,229.3116912841797,231.07504272460938,864407068
237.5742645263672,251.63015747070312,234.0425567626953,243.89053344726562,738634212
236.2806854248047,240.15533447265625,231.06581115722656,237.6096954345703,502420772
239.1146697998047,242.80198669433594,232.82852172851562,236.27345275878906,488582672
244.61058044433594,249.13011169433594,237.41790771484375,239.1290283203125,451849200
244.08726501464844,248.27256774902344,242.76914978027344,244.59580993652344,372246652
242.9033660888672,244.41200256347656,239.14566040039062,244.0900421142578,359118142
247.6744384765625,247.82269287109375,239.01873779296875,242.88185119628906,477391843
249.28634643554688,253.54193115234375,245.54824829101562,247.6829376220703,717670519
240.7924346923828,256.22003173828125,240.0522003173828,249.27647399902344,709030407
244.56494140625,248.80978393554688,240.09481811523438,240.79205322265625,493157882
236.65965270996094,248.42861938476562,231.9947509765625,244.5535125732422,558809140
238.8929901123047,241.8727569580078,235.63613891601562,236.6367645263672,414941211
236.13426208496094,241.17384338378906,234.2963409423828,238.87911987304688,427457532
237.49267578125,240.82284545898438,234.9900665283203,236.13107299804688,348181738
230.65036010742188,237.5801544189453,226.9770965576172,237.5026397705078,480872336
233.23245239257812,236.42100524902344,230.5876922607422,230.6324005126953,332343168
240.36978149414062,241.3129425048828,232.2005157470703,233.19444274902344,626872820
247.75942993164062,248.4702606201172,240.38690185546875,240.38690185546875,603755323
246.25791931152344,248.056396484375,243.24127197265625,247.78602600097656,519491311
246.38221740722656,251.37985229492188,245.88482666015625,246.254638671875,669962148
242.492919921875,246.8387908935547,241.22853088378906,246.3452911376953,439591635
239.08108520507812,243.86111450195312,237.1201171875,242.49948120117188,455501209
232.31942749023438,244.10267639160156,232.17181396484375,239.0685272216797,536134671
235.62115478515625,236.07911682128906,231.64573669433594,232.3334197998047,418416864
236.28738403320312,237.4119110107422,234.63714599609375,235.61026000976562,319300746
234.22836303710938,237.01951599121094,233.47604370117188,236.2945556640625,289327973
245.874267578125,246.29969787597656,232.007568359375,234.2329559326172,834091613
248.538330078125,249.2053985595703,244.9390106201172,245.89627075195312,536228377
244.01988220214844,250.3406524658203,242.80335998535156,248.5380859375,505389150
256.48968505859375,257.265625,243.0497283935547,244.00222778320312,761150982
248.19161987304688,261.10260009765625,244.27566528320312,256.4642028808594,799468588
251.09970092773438,252.53726196289062,247.50807189941406,248.17552185058594,422767368
242.65682983398438,251.88241577148438,242.58013916015625,251.09823608398438,441487283
244.35299682617188,244.68203735351562,240.59759521484375,242.65809631347656,671028354
240.2649383544922,246.53085327148438,238.7042236328125,244.33457946777344,751858394
241.1608123779297,243.92770385742188,239.99359130859375,240.27418518066406,499664149
242.73313903808594,243.14259338378906,240.3877410888672,241.13888549804688,485038743
243.7889862060547,245.16334533691406,242.3674774169922,242.75428771972656,413015398
241.03074645996094,244.85873413085938,240.5126190185547,243.80908203125,310128851
242.45596313476562,243.9764862060547,240.76121520996094,241.05465698242188,279600847
238.9462127685547,242.89187622070312,236.29238891601562,242.44943237304688,451906472
237.80856323242188,239.63720703125,236.99940490722656,238.96409606933594,366519529
238.9623565673828,240.2377166748047,236.64112854003906,237.81907653808594,417581395
240.49879455566406,243.16351318359375,238.63844299316406,238.96011352539062,433186880
241.97703552246094,242.7969970703125,239.9878692626953,240.505126953125,388148322
242.5763702392578,242.7262725830078,241.32313537597656,241.97134399414062,317500344
242.52598571777344,243.7857208251953,240.92518615722656,242.58221435546875,425584373
241.1206512451172,244.20257568359375,240.7644500732422,242.51959228515625,1092564922
247.50502014160156,247.50502014160156,238.53024291992188,241.1280517578125,830645013
240.49464416503906,248.5115509033203,236.8917694091797,247.4903106689453,650256385
241.0615234375,241.583251953125,238.5096435546875,240.50997924804688,400525696
241.47601318359375,243.1554718017578,240.45228576660156,241.04286193847656,370373499
242.9593505859375,243.02772521972656,240.09039306640625,241.4896697998047,300760369
242.79859924316406,245.17901611328125,242.61473083496094,242.96029663085938,417704185
241.79750061035156,244.32424926757812,239.93536376953125,242.79168701171875,425652309
245.14990234375,247.64736938476562,241.3302001953125,241.7918701171875,504987528
243.89364624023438,245.34027099609375,242.76649475097656,245.1363067626953,399576464
241.26246643066406,243.9261016845703,240.39459228515625,243.8855438232422,365863690
239.70689392089844,241.91390991210938,238.35980224609375,241.26072692871094,386856576
240.27362060546875,241.0026092529297,239.40377807617188,239.7035675048828,284512149
240.03334045410156,241.6295928955078,239.902587890625,240.26968383789062,296580783
240.33924865722656,241.02493286132812,239.7473602294922,240.04127502441406,381157536
236.67958068847656,240.41030883789062,235.36053466796875,240.3504638671875,482870297
231.86874389648438,237.01422119140625,231.20516967773438,236.689697265625,461572144
218.5358428955078,232.1050567626953,214.5474395751953,231.87257385253906,786294218
216.112548828125,220.1370086669922,214.02224731445312,218.56573486328125,567051050
216.99945068359375,218.99758911132812,214.32884216308594,216.1444854736328,477267428
216.63580322265625,217.88243103027344,215.6808624267578,217.01585388183594,297744717
210.63894653320312,216.74118041992188,207.5687713623047,216.63079833984375,582113967
210.8343505859375,211.87425231933594,204.39913940429688,210.5799560546875,637832641
216.3992919921875,218.31671142578125,210.81869506835938,210.81869506835938,566160608
218.64639282226562,220.38551330566406,215.8997344970703,216.44483947753906,394620698
218.3310546875,219.25498962402344,214.26516723632812,218.68109130859375,423891092
216.36424255371094,218.78643798828125,216.2140350341797,218.33180236816406,273738258
218.35800170898438,219.5391845703125,216.0803985595703,216.3699493408203,325410553
218.71856689453125,218.9700164794922,215.85018920898438,218.35824584960938,332786869
226.86288452148438,233.0600128173828,217.04786682128906,218.7215118408203,593296661
223.7994384765625,227.04901123046875,221.9781494140625,226.87014770507812,359750612
216.59779357910156,225.58888244628906,215.44842529296875,223.81857299804688,428616639
213.63055419921875,217.9657440185547,211.5917205810547,216.59848022460938,438229562
214.44854736328125,215.59950256347656,213.29054260253906,213.62692260742188,291979876
214.3999481201172,215.11489868164062,213.41195678710938,214.45481872558594,264565518
215.197509765625,216.26751708984375,213.28237915039062,214.3931121826172,364530693
214.47813415527344,215.7220001220703,213.6724395751953,215.2110137939453,298056096
215.13465881347656,217.1808319091797,212.31671142578125,214.48904418945312,367874698
216.88717651367188,217.6039581298828,213.5731201171875,215.13946533203125,414939879
214.56202697753906,218.2228240966797,213.61947631835938,216.8837432861328,350437594
214.2229461669922,215.33013916015625,214.2229461669922,214.56703186035156,218159197
212.31802368164062,214.22784423828125,211.5386199951172,214.22056579589844,334977578
206.03421020507812,212.61009216308594,204.3567352294922,212.32261657714844,466832593
210.99436950683594,213.48744201660156,205.26248168945312,206.04315185546875,435525863
212.64259338378906,213.15785217285156,209.4974365234375,211.02386474609375,329580406
212.2828369140625,214.88356018066406,211.3829345703125,212.6405792236328,370840987
214.17552185058594,214.9447479248047,211.19467163085938,212.30435180664062,477731080
214.96054077148438,215.70355224609375,213.56289672851562,214.1683807373047,483436741
216.4657745361328,216.63502502441406,213.70974731445312,214.948974609375,432102186
216.00392150878906,221.00985717773438,215.3173065185547,216.47091674804688,572231452
217.21095275878906,219.7490234375,215.6417694091797,216.00177001953125,385547582
214.3633270263672,217.75669860839844,213.76046752929688,217.21060180664062,372917826
210.7939453125,215.109375,209.58688354492188,214.35374450683594,384479845
211.15086364746094,212.02658081054688,209.94168090820312,210.7893829345703,274805031
210.56060791015625,211.58322143554688,210.1420135498047,211.1380615234375,215040995
208.28289794921875,211.23727416992188,207.9329376220703,210.5747833251953,287192497
210.0738067626953,210.5183868408203,207.47808837890625,208.2601318359375,294180845
212.37844848632812,213.1878204345703,209.86691284179688,210.0501708984375,615780140
211.98541259765625,215.72874450683594,210.88600158691406,212.37139892578125,753741988
215.07598876953125,216.77532958984375,211.6513214111328,211.99095153808594,358321830
215.2794189453125,217.25770568847656,214.50637817382812,215.09397888183594,335321479
214.82130432128906,216.31216430664062,214.4836883544922,215.2777862548828,243788424
218.04713439941406,219.1338348388672,213.5065155029297,214.80032348632812,387408083
214.7579345703125,221.18829345703125,213.54632568359375,218.04934692382812,466879383
213.43594360351562,215.72119140625,212.77056884765625,214.7349090576172,305437646
213.4130859375,213.7624053955078,210.9364013671875,213.44146728515625,357560724
210.67967224121094,213.78359985351562,210.4712371826172,213.42274475097656,351872670
213.55552673339844,214.39295959472656,210.5572509765625,210.66526794433594,271152975
212.36447143554688,213.85986328125,211.76080322265625,213.54396057128906,211771782
211.51998901367188,212.84677124023438,209.7017822265625,212.38101196289062,267193041
205.75096130371094,212.1028594970703,203.6554412841797,211.52261352539062,416312027
208.57687377929688,210.45428466796875,205.75009155273438,205.75009155273438,441959353
206.53341674804688,208.7305450439453,204.8092498779297,208.58229064941406,323117665
205.2294158935547,206.6591033935547,203.658447265625,206.53587341308594,302337006
206.03611755371094,207.94253540039062,204.61761474609375,205.22579956054688,296977151
206.60189819335938,207.02554321289062,205.82728576660156,206.040283203125,203846460
209.7425079345703,210.2316131591797,206.47857666015625,206.60028076171875,352524312
214.82395935058594,217.12123107910156,209.74880981445312,209.74880981445312,521099239
211.6432342529297,215.01222229003906,210.38235473632812,214.81211853027344,352621995
210.50103759765625,213.57627868652344,210.09669494628906,211.63619995117188,275336939
211.1441650390625,211.41201782226562,208.53712463378906,210.4916229248047,281310969
212.30084228515625,216.1024169921875,210.74655151367188,211.14505004882812,335590168
214.3056640625,215.61277770996094,211.6225128173828,212.29852294921875,267943731
217.74737548828125,218.00485229492188,213.83428955078125,214.3217315673828,286771903
228.35276794433594,229.98146057128906,218.3049774169922,218.45591735839844,611625206
225.14295959472656,236.7500762939453,223.1171417236328,228.3383026123047,658304834
222.179931640625,228.8148193359375,222.0341796875,225.16864013671875,414309192
223.2360382080078,227.85787963867188,219.92672729492188,222.18551635742188,438534864
224.4759063720703,229.85179138183594,220.20350646972656,223.21908569335938,554008090
225.77407836914062,227.97061157226562,224.3576202392578,224.4715118408203,244363054
227.14845275878906,228.14613342285156,224.25831604003906,225.78799438476562,207847188
228.2874298095703,229.19149780273438,225.02120971679688,227.13491821289062,282899321
226.43994140625,229.24130249023438,224.33131408691406,228.28236389160156,319329197
228.00010681152344,229.14108276367188,222.8603973388672,226.4181671142578,384772000
231.7230224609375,233.33607482910156,227.90748596191406,228.0166473388672,487639810
230.60597229003906,232.21131896972656,226.34674072265625,231.70326232910156,332547803
237.45460510253906,238.5099639892578,229.65533447265625,230.5974884033203,267965564
244.32247924804688,245.59402465820312,236.7861785888672,237.44223022460938,419858434
254.63479614257812,255.34230041503906,242.1800994873047,244.32044982910156,524115628
246.39529418945312,255.5460968017578,242.69497680664062,254.65328979492188,549207441
247.123291015625,247.80906677246094,244.58038330078125,246.39012145996094,369346518
251.51084899902344,255.45465087890625,243.3295440673828,247.0521697998047,1116630429
251.08236694335938,257.78802490234375,248.9433135986328,251.52682495117188,873515280
251.42161560058594,255.07839965820312,246.72113037109375,251.09848022460938,872206327
247.6400146484375,251.6469268798828,245.83245849609375,251.43441772460938,758715918
241.33506774902344,250.1243133544922,241.12713623046875,247.64047241210938,888039233
242.263671875,248.66522216796875,236.28573608398438,241.36984252929688,917236070
253.75534057617188,254.18177795410156,242.26116943359375,242.281005859375,921052035
242.75888061523438,255.5850372314453,240.67567443847656,253.74478149414062,950453378
244.745361328125,245.9875946044922,238.99964904785156,242.83995056152344,788884171
244.9507598876953,245.35305786132812,239.28082275390625,244.7462615966797,679630905
246.58778381347656,246.93626403808594,242.4235076904297,244.96768188476562,618053586
253.6350860595703,263.8700256347656,243.14175415039062,246.5845489501953,1289010990
226.4864044189453,269.9175720214844,224.98170471191406,253.64385986328125,2480554399
236.1365966796875,238.17669677734375,225.6582489013672,226.46131896972656,1338117919
233.76580810546875,238.7913360595703,230.7522430419922,236.0960235595703,766695224
232.9009552001953,236.37930297851562,232.19285583496094,233.75270080566406,709881299
234.43994140625,235.7812957763672,232.683349609375,232.9174346923828,553022191
232.0471954345703,234.49465942382812,229.3850555419922,234.42820739746094,606332049
227.42147827148438,232.80938720703125,223.48683166503906,231.98388671875,795547656
229.69296264648438,231.75552368164062,224.6786346435547,227.42799377441406,674267936
227.34275817871094,231.19744873046875,226.51943969726562,229.6932373046875,602240832
227.68380737304688,229.1439666748047,226.22654724121094,227.34303283691406,572448874
228.54563903808594,229.8910675048828,227.232666015625,227.68881225585938,611750028
229.30084228515625,230.0343017578125,226.68960571289062,228.53855895996094,628871423
228.09820556640625,231.6390380859375,226.4960174560547,229.28953552246094,719496781
233.29530334472656,236.83494567871094,227.1553192138672,228.07546997070312,2139028703
231.2613525390625,234.48468017578125,228.40753173828125,233.30865478515625,851959167
229.42440795898438,234.5861053466797,229.42440795898438,231.26344299316406,850327297
232.97743225097656,234.53843688964844,229.2009735107422,229.53221130371094,813730268
238.91598510742188,239.8386993408203,232.6486053466797,232.9604949951172,828993280
237.7686004638672,245.00527954101562,237.07989501953125,238.9132537841797,856746249
239.733154296875,241.25057983398438,237.55775451660156,237.79371643066406,640133489
246.42086791992188,246.755859375,230.53103637695312,239.76890563964844,1442275453
254.49497985839844,256.7091979980469,245.991943359375,246.36578369140625,1394681963
252.42332458496094,255.56297302246094,244.81398010253906,254.40396118164062,1052163656
253.5412139892578,254.08792114257812,248.7257080078125,252.40560913085938,876150236
244.8984375,253.54971313476562,243.86737060546875,253.51744079589844,769388533
244.35096740722656,248.0863800048828,243.45065307617188,244.89642333984375,651447427
239.30828857421875,244.4321746826172,239.2306365966797,244.3507080078125,650163942
241.3484344482422,241.3484344482422,232.7528076171875,239.2471466064453,871708609
252.63719177246094,254.5745849609375,241.34768676757812,241.34768676757812,1254351945
260.10736083984375,261.5574035644531,250.76504516601562,252.6297607421875,1053279744
271.24658203125,274.44061279296875,256.5984802246094,260.14862060546875,1183480386
271.3764953613281,276.1597900390625,265.41949462890625,271.2765197753906,1014769310
271.3909606933594,272.1670837402344,266.16845703125,271.38128662109375,695725248
264.71710205078125,272.59014892578125,262.775634765625,271.3775329589844,803502105
267.0733642578125,267.9342041015625,262.48712158203125,264.73529052734375,738674209
297.6932373046875,302.70758056640625,265.0900573730469,267.0721740722656,1941843757
323.6773376464844,323.7694091796875,286.40338134765625,297.7483215332031,1893987416
323.5989990234375,337.4258117675781,321.3273010253906,323.8037109375,1987714005
313.8787536621094,325.5014343261719,309.1914367675781,323.5130310058594,1415732360
317.16619873046875,320.111572265625,313.56005859375,313.8419494628906,901159404
312.4356994628906,325.00653076171875,310.6978454589844,317.0681457519531,953254184
314.4082946777344,315.74566650390625,308.09674072265625,312.38592529296875,910568057
312.10382080078125,320.9332275390625,308.35064697265625,314.2675476074219,1133024158
316.6612854003906,332.74920654296875,301.419189453125,312.151611328125,1927148986
323.6000061035156,323.8224792480469,312.14544677734375,316.62445068359375,1285291962
317.4502868652344,327.0423278808594,310.6506652832031,323.6202392578125,1257230413
307.79449462890625,317.8272705078125,301.3959655761719,317.49517822265625,1051283820
302.8905334472656,309.88238525390625,301.0862121582031,307.7940673828125,817795075
304.5003967285156,308.2834777832031,290.8804016113281,302.90350341796875,1141697708
300.9761047363281,306.6708068847656,296.5199890136719,304.4752502441406,1374376391
305.0968322753906,309.6028747558594,290.1220397949219,300.98260498046875,1199728038
308.7015075683594,316.7200622558594,302.64752197265625,305.2237854003906,1326827289
296.6304626464844,312.68658447265625,290.7372741699219,308.6283264160156,1198386629
302.227294921875,302.9240417480469,291.5197448730469,296.62542724609375,816347256
299.05133056640625,306.5023193359375,299.0142517089844,302.22711181640625,787643004
317.5672607421875,319.5900573730469,299.02581787109375,299.02581787109375,1667214322
315.22625732421875,318.7459411621094,313.5428466796875,317.5467834472656,1143877764
309.08538818359375,315.92755126953125,307.3587646484375,315.1612243652344,1206464161
313.2928771972656,315.1431884765625,305.7171630859375,309.0931091308594,1105813150
314.3004455566406,315.64007568359375,306.3778381347656,313.2928771972656,1036123822
316.96038818359375,316.96038818359375,312.3036193847656,314.30023193359375,694855739
318.3186950683594,321.2838134765625,316.22259521484375,316.9617614746094,723174009
305.43701171875,319.7400817871094,304.5782165527344,318.37908935546875,948987847
298.4039001464844,311.1738586425781,291.0572814941406,305.4375,1065495592
293.0914306640625,300.3409729003906,290.8543395996094,298.4072265625,960725208
291.9192810058594,296.052490234375,287.7281494140625,293.0929870605469,1086918042
302.3179931640625,303.7918395996094,290.87738037109375,291.9390563964844,964268733
305.8248291015625,307.41143798828125,302.0614318847656,302.3171691894531,691653061
304.9756164550781,308.7686462402344,303.2923583984375,305.7743835449219,782354766
310.7080078125,310.7130126953125,304.60357666015625,305.0214538574219,824640185
307.4627380371094,312.96221923828125,306.9179382324219,310.7080078125,777667889
300.35107421875,307.864990234375,298.96063232421875,307.4723815917969,814318731
300.1759033203125,301.8831787109375,296.5621337890625,300.35107421875,754502530
301.15496826171875,304.2850646972656,299.9427795410156,300.1639099121094,699579739
299.7367248535156,303.5091552734375,299.62506103515625,301.181396484375,606345017
304.7341613769531,307.4093322753906,298.2126159667969,299.7156677246094,818836774
300.8540344238281,306.52313232421875,299.54913330078125,304.71844482421875,826414727
302.71014404296875,303.5723571777344,300.63946533203125,300.8583679199219,680038428
307.63458251953125,308.47808837890625,300.84954833984375,302.71160888671875,776516914
318.87188720703125,320.4073486328125,307.5062255859375,307.57354736328125,1206142745
323.84228515625,325.64459228515625,318.202392578125,318.9233703613281,1094700959
323.1338806152344,325.42669677734375,319.5799560546875,323.8716125488281,737748174
320.78753662109375,324.768310546875,320.30938720703125,323.103515625,706320478
327.9446105957031,331.4398498535156,315.93243408203125,320.80401611328125,982444950
324.86822509765625,329.2057800292969,319.4844055175781,327.9324035644531,886487720
334.2459716796875,334.369140625,323.8765869140625,324.8655700683594,887463520
354.7108154296875,365.13311767578125,333.8529968261719,334.21087646484375,1744161787
360.890380859375,365.56207275390625,351.70159912109375,354.68756103515625,1461675119
352.9081115722656,363.28179931640625,349.043212890625,360.8729553222656,1101515839
349.6799621582031,358.00885009765625,349.6799621582031,352.9129943847656,959954204
351.8070983886719,355.6981201171875,349.623779296875,349.67828369140625,1290009052
354.8639221191406,360.3736267089844,346.0740051269531,351.8079528808594,1489888631
378.5373229980469,379.0655212402344,351.4012451171875,354.8638610839844,2264483250
382.009765625,386.5940856933594,374.3027038574219,378.7139587402344,2002118598
375.319091796875,385.45794677734375,369.40008544921875,381.9831237792969,1755398357
381.7427978515625,383.0736999511719,371.9991455078125,375.3238220214844,1088410661
388.5517272949219,390.4501037597656,378.1285705566406,381.74261474609375,1324081579
401.6438903808594,404.4400939941406,382.2568664550781,388.5350036621094,2011146388
394.9956359863281,403.74005126953125,390.9178771972656,401.6438903808594,1750697179
415.7716064453125,427.04681396484375,394.66107177734375,394.95172119140625,2323818531
399.7787170410156,419.7790222167969,392.3798828125,415.5836181640625,2058367303
407.8107604980469,408.55279541015625,399.4783020019531,399.67242431640625,1527194519
410.9858703613281,414.84515380859375,406.5416564941406,407.8048400878906,1520439801
414.3810729980469,416.6257019042969,405.0853271484375,410.9778137207031,1810575392
419.0354309082031,423.8005676269531,411.4765319824219,414.4140319824219,2111212949
394.6617431640625,427.0828857421875,363.22064208984375,419.0164489746094,3319029162
429.011962890625,433.4255065917969,386.2295227050781,394.6649475097656,3281109608
475.2906494140625,477.2071838378906,423.7870178222656,429.011962890625,3328990543
488.09417724609375,489.57855224609375,464.8338623046875,475.2777099609375,3644157779
489.56182861328125,494.0759582519531,482.640625,488.09271240234375,2314944823
529.374755859375,537.415283203125,486.8355407714844,489.5409240722656,4507153439
522.718017578125,532.7896728515625,509.9839172363281,529.4474487304688,3950105375
537.86572265625,547.018310546875,521.9139404296875,522.718994140625,4381078189
630.5613403320312,631.1683959960938,532.0458984375,537.86572265625,5717769152
602.9887084960938,630.9562377929688,569.2069091796875,630.5613403320312,4918366892
632.8027954101562,634.2008056640625,547.7039794921875,602.9675903320312,5849156503
576.7752075195312,641.4811401367188,571.286865234375,632.8027954101562,3952760767
571.0855712890625,589.6356811523438,550.1432495117188,576.7752075195312,3512190982
554.55712890625,586.5149536132812,540.8463134765625,571.0855712890625,3982384372
507.0765686035156,559.8604125976562,498.5623474121094,554.55712890625,4346763421
556.7005004882812,558.9464721679688,501.1168518066406,507.0864562988281,3177352364
553.2482299804688,570.05322265625,541.6550903320312,556.7005004882812,2595135487
551.778564453125,587.7314453125,535.97265625,553.2482299804688,2949959002
551.8795166015625,567.544677734375,544.9212646484375,551.778564453125,1962524597
567.9948120117188,572.4882202148438,549.5263061523438,551.8795166015625,1745465728
587.4276123046875,597.6621704101562,565.1378784179688,567.9948120117188,2490221265
580.1505126953125,597.0130004882812,572.8078002929688,587.4276123046875,2086911757
574.5115966796875,584.9867553710938,565.5116577148438,580.1593017578125,1983797879
583.2708740234375,591.3146362304688,574.2017822265625,574.5115966796875,1986567688
612.657958984375,619.9725952148438,582.4693603515625,583.2867431640625,2788931743
601.016357421875,612.9949340820312,597.6298217773438,612.66015625,1750650703
606.9086303710938,608.6642456054688,600.8792724609375,601.005126953125,1456592924
576.3966674804688,607.6455688476562,570.0531616210938,606.90869140625,2020241864
550.6814575195312,578.1329956054688,546.8681640625,576.3765869140625,2480273065
562.0196533203125,567.9979858398438,540.246826171875,550.6814575195312,2096610785
585.4415283203125,597.8353271484375,561.34912109375,562.0196533203125,2340488273
578.9669189453125,591.3327026367188,565.7509765625,585.4832153320312,1983792648
585.966796875,590.6022338867188,575.9175415039062,578.9669189453125,1328988130
584.1021728515625,590.8859252929688,578.7191162109375,585.966796875,1374676397
586.9009399414062,600.8928833007812,577.9833374023438,584.1021728515625,1739232272
580.830322265625,589.666748046875,574.1403198242188,586.9009399414062,1988165022
610.0839233398438,610.4829711914062,574.46142578125,580.830322265625,1654268255
604.893798828125,617.4686279296875,592.6021728515625,610.0839233398438,1299527568
596.380126953125,626.9840698242188,575.5808715820312,604.893798828125,2619549858
554.2998046875,599.8919677734375,517.2700805664062,596.3749389648438,2660310655
567.2184448242188,570.257568359375,537.1805419921875,554.2998046875,1724305772
552.87451171875,585.4859619140625,546.8653564453125,567.2184448242188,1488692418
537.829345703125,554.1048583984375,524.2218627929688,552.8746948242188,1299731119
534.416015625,548.0428466796875,514.1128540039062,537.8313598632812,1411927485
552.172119140625,555.0400390625,527.4300537109375,534.4149780273438,1439312699
554.8892822265625,564.5448608398438,525.0286254882812,552.172119140625,1320094794
570.9605102539062,574.0986938476562,549.800048828125,554.8881225585938,697007137
579.6199340820312,582.2720336914062,567.1710815429688,570.9605102539062,782061076
605.5755004882812,608.5170288085938,579.1416625976562,579.6146850585938,1300340623
606.8406372070312,613.5433349609375,599.9375610351562,605.5755004882812,1380221181
608.0861206054688,617.3051147460938,592.944091796875,606.8406372070312,1518718475
614.0050048828125,617.8062133789062,601.7774658203125,608.0906372070312,1161642323
597.7054443359375,614.834228515625,597.1796264648438,614.0050048828125,817787521
595.7205200195312,599.2827758789062,586.1527099609375,597.7054443359375,781864034
600.0711669921875,607.8242797851562,595.716552734375,595.7205200195312,681109845
592.8312377929688,602.5989379882812,583.3385009765625,600.0711669921875,868114786
578.488037109375,603.3228149414062,556.1708984375,592.831787109375,1727881192
561.408203125,579.3329467773438,538.0464477539062,578.4874877929688,1502825527
560.5267333984375,565.4573974609375,543.5223388671875,561.408203125,877449354
587.0104370117188,590.2448120117188,559.4467163085938,560.5267333984375,854728192
585.8465576171875,593.1934204101562,583.2993774414062,587.0184326171875,582273374
592.140380859375,594.9953002929688,580.2462768554688,585.8465576171875,531182053
588.4759521484375,601.88671875,583.3734130859375,592.139892578125,1522319999
577.4862060546875,599.9354858398438,576.7245483398438,588.4759521484375,1535678414
588.1974487304688,589.5725708007812,575.1480102539062,577.4862060546875,1603241013
596.031982421875,602.5897216796875,586.7303466796875,588.1974487304688,1897318659
585.6221923828125,596.5833740234375,582.0457763671875,596.0276489257812,1521708160
592.0278930664062,594.20654296875,581.8966674804688,585.6221923828125,1333662111
594.424560546875,599.1841430664062,587.8043212890625,592.0291748046875,1276671115
591.60693359375,597.7680053710938,585.520751953125,594.424560546875,1636169234
566.70703125,592.8369750976562,563.4202270507812,591.60693359375,1944063031
582.0743408203125,587.4215087890625,561.1272583007812,566.70703125,1895100260
569.1902465820312,586.4363403320312,565.7623291015625,582.1001586914062,1911862000
581.1783447265625,584.666015625,568.8367309570312,569.1902465820312,1557134929
580.4811401367188,581.9871826171875,575.0185546875,581.1783447265625,1358737176
574.6316528320312,581.876708984375,572.36962890625,580.4815673828125,1298887094
600.6163330078125,601.5638427734375,569.5235595703125,574.6316528320312,2145457267
618.4204711914062,629.861083984375,593.9327392578125,600.60107421875,3564986916
614.671875,625.5662841796875,610.5460205078125,618.4204711914062,2138536549
598.6708374023438,616.5244750976562,581.9541015625,614.671875,2631566566
600.2258911132812,604.3148803710938,588.8939819335938,598.6708374023438,1778282198
602.1944580078125,606.3673095703125,599.6072387695312,600.2266235351562,1392399167
599.825927734375,604.830078125,598.6958618164062,602.1944580078125,1372657185
603.5264282226562,613.38818359375,599.7007446289062,599.825927734375,1691663828
601.2132568359375,604.985107421875,593.7161865234375,603.5264282226562,1852329404
594.9720458984375,602.9315185546875,592.9666137695312,601.2132568359375,1642696946
595.0267944335938,601.6650390625,586.5576782226562,594.9725341796875,1737524745
593.5223388671875,598.4236450195312,589.7748413085938,595.0267944335938,1590349553
601.30419921875,607.5828857421875,592.6806030273438,593.5223388671875,1520074486
603.026611328125,604.9780883789062,596.164794921875,601.3041381835938,1667233984
626.4329833984375,637.2471313476562,601.1831665039062,603.0509643554688,2952110605
686.201416015625,687.40380859375,625.2649536132812,626.4329833984375,3416994948
698.889404296875,712.58837890625,685.777099609375,686.201416015625,3501231414
710.4640502929688,720.672607421875,692.9947509765625,698.889404296875,2997888288
683.3609619140625,710.8385009765625,665.18017578125,710.4603881835938,2987033806
682.6651611328125,694.3128051757812,678.6458129882812,683.3685913085938,1966216051
673.3153076171875,684.7598876953125,670.8135375976562,682.6638793945312,1856183346
624.3868408203125,674.3134765625,615.77294921875,673.33544921875,3184376694
602.55810546875,628.2633666992188,597.0418701171875,624.3967895507812,2604834485
619.19482421875,634.6758422851562,592.2932739257812,602.6026000976562,2221546160
599.5150756835938,619.298583984375,596.3087768554688,619.2251586914062,1879189691
603.1805419921875,611.6287231445312,590.496337890625,599.4786987304688,1848914113
607.8029174804688,609.0504760742188,601.5859375,603.1141967773438,1471028668
610.0540161132812,611.197509765625,601.4769287109375,607.8084716796875,1428836675
604.4673461914062,611.9440307617188,592.4261474609375,610.0736694335938,1797626078
588.7020874023438,604.65283203125,575.76171875,604.3328857421875,2265505402
598.771728515625,605.731689453125,587.01416015625,588.584716796875,1788904109
587.107177734375,607.4007568359375,584.7599487304688,598.771728515625,1817442036
585.9119262695312,588.7054443359375,578.015869140625,587.1126098632812,1672110625
590.7633666992188,590.9393310546875,581.1376342773438,585.9009399414062,1387634576
577.2108764648438,592.7726440429688,576.0581665039062,590.6715698242188,1444372224
567.578125,581.2367553710938,552.9365234375,577.222900390625,2033721646
578.1034545898438,579.1007690429688,566.8991088867188,567.653076171875,1581413208
572.4017944335938,584.1988525390625,567.8788452148438,578.1137084960938,1537826836
580.7982788085938,583.7315063476562,566.4297485351562,572.3585205078125,1659378248
566.4644775390625,584.3499755859375,565.00537109375,580.865966796875,1618598501
569.127685546875,572.9425659179688,566.06591796875,566.4916381835938,1375085097
581.7711181640625,584.0786743164062,567.7850341796875,569.1678466796875,1564676508
576.6869506835938,587.2811889648438,576.136474609375,581.674560546875,1613874196
578.9810791015625,581.0347290039062,573.8269653320312,576.6046752929688,1528045271
556.5777587890625,579.9353637695312,550.4166870117188,579.0103759765625,1736158280
513.9945068359375,556.8927612304688,512.42236328125,556.4862060546875,2056945763
497.9958190917969,515.2207641601562,456.92340087890625,513.614501953125,2865780557
527.6743774414062,530.4472045898438,496.6573181152344,497.96551513671875,1604647597
490.6131286621094,527.4404907226562,488.9649353027344,527.4404907226562,1660301909
510.6142578125,523.1556396484375,472.1614074707031,490.7127990722656,2305009896
516.568115234375,520.6463012695312,507.2747802734375,510.5447692871094,1586240513
524.5165405273438,529.192138671875,511.8351745605469,516.6347045898438,1592646761
525.1380615234375,540.0792236328125,521.0379638671875,524.5767211914062,1685684515
533.75732421875,537.316162109375,517.9932861328125,525.1171264648438,1600204226
532.3488159179688,539.1996459960938,527.7648315429688,533.7614135742188,1436156860
544.8187255859375,547.3585815429688,532.1102294921875,532.3785400390625,1486806663
586.1410522460938,586.5435791015625,544.7008056640625,544.9208984375,2019082961
576.583984375,587.3955078125,556.6705322265625,586.0093994140625,2082707183
568.9127197265625,584.0094604492188,565.4176635742188,576.5607299804688,1739938322
571.9515380859375,579.3433227539062,562.9327392578125,568.96826171875,1636814280
593.7021484375,598.0529174804688,565.973876953125,571.9271240234375,2052978808
593.5722045898438,598.30126953125,587.2839965820312,593.7093505859375,1585229672
601.8511962890625,603.6642456054688,583.540771484375,593.5726318359375,1815088659
587.9177856445312,605.191162109375,587.77197265625,601.8511962890625,1985538902
582.0995483398438,593.1072998046875,578.2872924804688,587.9177856445312,1839296067
574.5784912109375,588.8692016601562,570.95361328125,582.10498046875,1601708271
570.71337890625,575.8388061523438,554.7559814453125,574.5784912109375,1995371028
581.0779418945312,582.7736206054688,570.4503784179688,570.71337890625,1665724792
581.5888061523438,592.8525390625,574.8931274414062,581.0779418945312,1760015335
584.099609375,584.68994140625,575.0437622070312,581.5888061523438,1464043630
574.642578125,596.6491088867188,573.986083984375,584.099609375,1825858615
587.6651000976562,587.6651000976562,567.990234375,574.642578125,1811656040
576.3681640625,592.5235595703125,575.251953125,587.6651000976562,1798590737
575.146728515625,577.2913208007812,553.7516479492188,576.3681640625,2045220020
542.9151611328125,577.0011596679688,540.11865234375,575.146728515625,2062337930
529.4813232421875,544.6666870117188,522.1957397460938,542.9151611328125,1826715291
497.0390930175781,531.6157836914062,488.2488098144531,529.4813232421875,1980159444
464.6269226074219,499.3894348144531,407.52459716796875,497.0390930175781,4703145244
484.3238220214844,492.8955078125,464.2871398925781,464.6269226074219,2087680023
474.2247619628906,497.62408447265625,468.9976806640625,484.3238220214844,1883200228
517.3375244140625,521.0404663085938,469.190673828125,474.19970703125,1790085695
509.1827087402344,517.72314453125,500.1761169433594,517.3375244140625,1565495419
523.317626953125,524.9590454101562,507.8503112792969,509.1827087402344,1394699693
503.8045349121094,535.5400390625,503.2338562011719,523.3178100585938,1563057068
518.5361328125,523.5446166992188,500.23370361328125,503.8041687011719,1786263873
524.1285400390625,525.6865234375,514.5475463867188,518.5361328125,1757981177
524.0153198242188,531.5051879882812,516.50634765625,524.1285400390625,1604400640
519.870361328125,533.6436767578125,511.6082458496094,524.0153198242188,1645936961
519.9686279296875,524.3740234375,511.040283203125,519.870361328125,1538941515
542.2342529296875,547.161376953125,518.940673828125,519.9686279296875,1554176167
531.6085205078125,542.3954467773438,531.2366943359375,542.2342529296875,1458218557
559.81884765625,560.6581420898438,529.6116333007812,531.6085205078125,1721716619
569.2669677734375,574.556884765625,559.1103515625,559.81884765625,2062353969
570.0197143554688,575.0878295898438,547.611083984375,569.2669677734375,1887431524
583.0518798828125,589.4165649414062,561.2243041992188,570.0197143554688,1998394415
591.8060302734375,597.5437622070312,575.76904296875,583.0518798828125,2037288685
580.76220703125,592.7732543945312,575.83740234375,591.8067626953125,1954023736
574.2499389648438,583.9363403320312,569.9006958007812,580.76220703125,1681089758
548.8280029296875,575.981201171875,547.2277221679688,574.2499389648438,1818728257
533.9758911132812,558.2140502929688,523.4385375976562,548.8280029296875,1853530701
536.816162109375,546.109375,523.7744140625,533.9758911132812,1861040561
536.6256713867188,545.4614868164062,532.3034057617188,536.816162109375,1577402536
535.3157958984375,542.814697265625,523.058837890625,536.6256713867188,1598876190
532.89697265625,541.1749877929688,531.6283569335938,535.3157958984375,1284869085
512.59521484375,532.9790649414062,508.7206115722656,532.89697265625,1498350087
526.438720703125,529.0226440429688,502.1722717285156,512.59521484375,1653356892
518.6689453125,537.9566650390625,518.6689453125,526.438720703125,1559458476
507.82049560546875,523.4694213867188,496.4385070800781,518.637939453125,1898187560
502.0693664550781,512.6257934570312,497.34918212890625,507.82049560546875,1468645986
486.9027404785156,508.82012939453125,473.1689147949219,502.0693664550781,1860035342
493.22613525390625,499.10577392578125,483.2615966796875,486.9027404785156,1358748616
503.0001525878906,506.42510986328125,491.0293273925781,493.22613525390625,1378399660
518.5453491210938,524.6112670898438,501.9822082519531,503.0001525878906,1602303180
517.4838256835938,523.913818359375,514.0165405273438,518.5453491210938,1461007853
530.1940307617188,534.5135498046875,507.2425231933594,517.4838256835938,1629703281
544.3037719726562,547.791748046875,530.1493530273438,530.1940307617188,1725751181
557.01806640625,559.5098876953125,539.0565795898438,544.3037719726562,1745545933
553.5650634765625,559.3895263671875,548.8692016601562,557.01806640625,1412065214
553.9722900390625,561.5770874023438,552.3637084960938,553.5650634765625,1565883242
533.80908203125,554.7008666992188,527.4401245117188,553.9722900390625,1805132571
546.0135498046875,552.5006103515625,529.4241333007812,533.8087158203125,1617928146
559.0445556640625,559.0445556640625,537.5084228515625,546.0135498046875,1657679444
566.2235107421875,571.718994140625,553.5143432617188,559.0445556640625,1859308230
568.5850830078125,576.9052734375,559.6436157226562,566.2235107421875,1821452417
589.0379638671875,590.0252685546875,566.8111572265625,568.576416015625,1694887390
588.0869140625,593.9545288085938,577.45263671875,589.0379638671875,1680179600
604.3660278320312,615.7206420898438,585.5076293945312,588.0869140625,2189508231
606.5230712890625,612.6076049804688,600.2676391601562,604.3660278320312,1904808937
587.3525390625,607.762939453125,584.8588256835938,606.5230712890625,1744393946
596.7769165039062,608.8541870117188,581.2283325195312,587.3513793945312,2081857126
607.8670043945312,614.4735107421875,596.5009765625,596.7769165039062,2144197609
601.5671997070312,617.3323974609375,595.207763671875,607.8670043945312,1858159482
596.4111938476562,602.660400390625,593.0492553710938,601.5671997070312,1649655134
567.2600708007812,596.4414672851562,564.6533203125,596.4111938476562,1978021598
547.9971313476562,582.4347534179688,538.4796142578125,567.2600708007812,2124076272
542.7123413085938,557.9986572265625,536.1533203125,547.9971313476562,1821113448
544.4249877929688,550.507568359375,535.380615234375,542.7123413085938,1611934612
555.3842163085938,557.4121704101562,542.2801513671875,544.4249877929688,1518084330
563.2091674804688,564.8151245117188,552.3409423828125,555.3842163085938,1426434745
570.542724609375,571.430419921875,561.5877685546875,563.2091674804688,1416593714
564.1497192382812,580.9834594726562,564.1204223632812,570.542724609375,1703177011
580.4038696289062,585.9742431640625,560.2928466796875,564.1497192382812,2143563900
570.2771606445312,585.0736694335938,567.143798828125,580.4038696289062,1913652029
562.7257690429688,572.0607299804688,551.783203125,570.27685546875,1559089785
572.8572387695312,577.1348266601562,560.0671997070312,562.7257690429688,1622508791
576.4497680664062,578.7108154296875,572.8572387695312,572.8572387695312,1482994534
571.8217163085938,578.0640258789062,565.1304931640625,576.4497680664062,1472484694
588.9004516601562,591.4108276367188,569.9707641601562,571.8217163085938,1825783992
594.189208984375,598.8892822265625,578.4895629882812,588.9004516601562,2040945899
600.8178100585938,605.1041870117188,589.9337768554688,594.189208984375,1918592073
592.0396118164062,605.8289794921875,585.7150268554688,600.8178100585938,1739191571
599.364990234375,602.1707153320312,591.6998291015625,592.0396118164062,1638190792
597.9749145507812,600.9993286132812,595.72705078125,599.364990234375,1432675869
605.517822265625,606.3153686523438,593.7393188476562,597.9749145507812,1608355248
598.8175659179688,610.9203491210938,591.6964721679688,605.517822265625,1917193200
593.3606567382812,599.5232543945312,587.2017211914062,598.8175659179688,1739710555
582.473388671875,593.810791015625,573.0883178710938,593.3606567382812,1719055847
594.15478515625,597.5253295898438,583.0283813476562,584.6485595703125,1595144217
574.2536010742188,596.9539794921875,567.056884765625,594.15478515625,1712373877
582.8060913085938,586.1702270507812,571.3250122070312,574.2536010742188,1433826425
588.7158203125,590.1192626953125,581.2571411132812,582.8060913085938,1402058513
600.5960693359375,603.7217407226562,585.1207885742188,588.7158203125,1671332663
605.6682739257812,611.781494140625,599.9456787109375,600.5960693359375,1886358424
595.7278442382812,606.065185546875,594.447509765625,605.6682739257812,1662620787
576.0344848632812,596.06884765625,571.4256591796875,595.7278442382812,1810695051
572.7622680664062,584.7971801757812,568.1642456054688,576.0344848632812,1708220753
568.0368041992188,576.4204711914062,562.9451293945312,572.7622680664062,1427236241
557.6416015625,569.0484619140625,547.816650390625,568.0368041992188,1584005358
552.0711059570312,564.1986083984375,543.9083251953125,557.6416015625,1580672363
563.612060546875,571.9705200195312,551.2522583007812,552.0711059570312,1513727150
591.9952392578125,594.8584594726562,563.284912109375,563.612060546875,2342544855
598.4359130859375,610.3167114257812,588.6566162109375,591.9952392578125,1970633102
597.9484252929688,605.9241333007812,589.5486450195312,598.4359130859375,1878681588
624.3746948242188,637.8369750976562,597.845703125,597.9484252929688,2739276599
628.302490234375,643.664306640625,613.567138671875,624.3746948242188,2965668641
661.88720703125,664.1434936523438,614.0211791992188,628.302490234375,3375111971
627.0038452148438,666.9176025390625,613.6227416992188,661.8871459960938,3603680244
621.0003051757812,638.8924560546875,600.5243530273438,627.0038452148438,3294001434
621.6801147460938,659.531982421875,612.5340576171875,621.0,3392713356
618.866455078125,628.1688842773438,604.2251586914062,621.6801147460938,2547491086
622.3731689453125,633.4874877929688,617.8651733398438,618.98779296875,2115528251
618.4000854492188,646.4497680664062,606.1865234375,622.3731689453125,2452647630
619.4354858398438,629.09716796875,613.0554809570312,618.4000854492188,2284855769
615.9874267578125,621.5847778320312,606.5615844726562,619.4354858398438,2075194269
606.1174926757812,620.4660034179688,600.7662353515625,615.9874267578125,2115915285
622.8263549804688,629.3636474609375,594.548095703125,606.1171264648438,2698689844
633.513427734375,639.73193359375,617.4517822265625,622.8263549804688,2447537777
651.197265625,679.4188842773438,632.2477416992188,633.5134887695312,3306614137
660.3175659179688,687.3417358398438,638.9230346679688,651.197265625,3110188599
636.6397094726562,675.9611206054688,627.268798828125,660.3167114257812,2787672069
613.5872802734375,645.29296875,600.9912719726562,636.6397094726562,2637257322
644.948486328125,646.851806640625,608.6214599609375,613.5872802734375,2393610865
654.3616333007812,663.02197265625,641.6170654296875,644.948486328125,2597378212
654.8097534179688,663.32470703125,649.1632080078125,654.3617553710938,2098059690
654.3291625976562,676.9244384765625,648.8923950195312,654.8097534179688,2273610461
655.9324951171875,664.2872924804688,646.5952758789062,654.3291625976562,2055110342
647.594482421875,667.4237060546875,629.906005859375,655.9324951171875,2641248821
737.6965942382812,744.779296875,625.9749755859375,647.6990966796875,4177512806
739.2527465820312,793.3505249023438,723.5433349609375,737.6965942382812,5614818578
714.3219604492188,739.947509765625,695.9388427734375,739.253662109375,3771629643
732.0062866210938,746.1255493164062,708.4383544921875,717.95849609375,2870854029
750.2726440429688,761.0914306640625,730.8739624023438,732.0062866210938,2326982728
743.295654296875,757.5942993164062,729.051513671875,751.73193359375,2035017685
689.9243774414062,743.295654296875,662.2440795898438,743.295654296875,3267965774
676.98291015625,704.5599975585938,650.5972900390625,689.9243774414062,3102408468
711.8114013671875,712.8771362304688,660.154052734375,676.98291015625,2276828057
705.9442138671875,725.2216796875,700.1067504882812,711.8114013671875,2393129125
726.2548217773438,729.6268920898438,698.5020751953125,705.9443359375,2449855057
715.6956787109375,731.6613159179688,705.5390014648438,726.2548217773438,1957844883
719.13427734375,723.0733032226562,703.1802978515625,715.6956787109375,1831103596
720.3263549804688,730.0011596679688,704.34130859375,719.13427734375,2276490785
716.6824951171875,735.7572021484375,713.72900390625,720.3263549804688,2363860623
687.623779296875,721.7589111328125,686.6619262695312,716.7249145507812,2702479586
666.5693359375,704.4877319335938,651.0365600585938,687.6243896484375,2806454484
678.0866088867188,679.4436645507812,619.5003662109375,666.5693359375,3064285256
663.2794799804688,692.6364135742188,652.6074829101562,678.0866088867188,2185739949
648.7047119140625,668.8275146484375,639.608642578125,663.2660522460938,1091595586
693.000732421875,697.39990234375,637.9652709960938,648.7047119140625,1738271695
696.7411499023438,698.4424438476562,681.998046875,693.000732421875,1145844254
702.3269653320312,711.9866333007812,695.9627075195312,696.7411499023438,893387310
688.360107421875,718.1624145507812,683.262451171875,702.3269653320312,1253518341
690.4293823242188,709.6464233398438,685.1991577148438,688.3508911132812,1884726979
720.9590454101562,729.3158569335938,690.4293823242188,690.4293823242188,1890880986
693.7545166015625,722.7669677734375,689.4752197265625,720.9590454101562,1647228348
704.1463012695312,711.03564453125,686.9070434570312,693.7542724609375,1790325219
700.9868774414062,713.5983276367188,698.0257568359375,704.1463012695312,2372886701
706.512939453125,709.198974609375,699.7586059570312,700.9868774414062,1420234997
705.6785888671875,714.4386596679688,697.7047119140625,706.512451171875,1880664942
713.6435546875,715.0968627929688,697.5460815429688,705.6785888671875,1822243906
713.8411865234375,721.15625,708.851318359375,713.6435546875,1524500208
709.25830078125,713.8411865234375,703.0022583007812,713.8411865234375,1411808759
729.4000854492188,745.153564453125,706.1865844726562,709.25830078125,2056633884
697.368896484375,733.0914306640625,691.5519409179688,729.3932495117188,2200352831
695.837158203125,706.7611083984375,677.1226196289062,697.368896484375,2189465209
685.1207275390625,700.9730224609375,675.7342529296875,695.837158203125,1931492677
693.6244506835938,700.4706420898438,683.6865844726562,685.120361328125,1680784122
696.6578369140625,700.7665405273438,690.4573364257812,693.6244506835938,1290072226
693.0482788085938,697.9985961914062,689.8890991210938,696.6578369140625,1291862069
